ID,BC,pMHC,lfc_x,lfc_y,sample_x,sample_y,color
1,CCAGccagcacgcaagacgaactgc,NC,-1.560714954474479,-1.024662054234269,NT400-R1-1E4X,NT400-R2-1E4X,#D6D3D1
2,CCACccagcacgcaagacgaactgc,NC,-2.34577483684173,-1.316027493447678,NT400-R1-1E4X,NT400-R2-1E4X,#D6D3D1
3,CCCGccagcacgcaagacgaactgc,NC,-2.312590230308026,-1.6520766965796931,NT400-R1-1E4X,NT400-R2-1E4X,#D6D3D1
4,CCCCccagcacgcaagacgaactgc,NC,-1.3536369546147005,-1.9385994553358568,NT400-R1-1E4X,NT400-R2-1E4X,#D6D3D1
5,CCTGccagcacgcaagacgaactgc,NC,-2.572023445013658,-1.7794655248841345,NT400-R1-1E4X,NT400-R2-1E4X,#D6D3D1
6,CCTCccagcacgcaagacgaactgc,NC,-1.8073549220576042,-1.944858445807539,NT400-R1-1E4X,NT400-R2-1E4X,#D6D3D1
7,CGAGccagcacgcaagacgaactgc,NC,-2.6818240399737454,-1.4288432988038742,NT400-R1-1E4X,NT400-R2-1E4X,#D6D3D1
8,CGACccagcacgcaagacgaactgc,NC,-1.7813597135246597,-0.8744691179161412,NT400-R1-1E4X,NT400-R2-1E4X,#D6D3D1
9,CGCGccagcacgcaagacgaactgc,NC,-2.59618975614441,-1.4162806661294758,NT400-R1-1E4X,NT400-R2-1E4X,#D6D3D1
10,CGCCccagcacgcaagacgaactgc,NC,-2.571541984958835,-1.4935394729575615,NT400-R1-1E4X,NT400-R2-1E4X,#D6D3D1
11,CGTGccagcacgcaagacgaactgc,NC,-2.236036141541269,-1.8852793935946874,NT400-R1-1E4X,NT400-R2-1E4X,#D6D3D1
12,CGTCccagcacgcaagacgaactgc,NC,-2.6244908649077936,-1.3947564682301776,NT400-R1-1E4X,NT400-R2-1E4X,#D6D3D1
13,CTAGccagcacgcaagacgaactgc,NC,-1.5849625007211563,-0.9049527913670259,NT400-R1-1E4X,NT400-R2-1E4X,#D6D3D1
14,CTACccagcacgcaagacgaactgc,NC,-2.441156560242726,-1.6691085069210743,NT400-R1-1E4X,NT400-R2-1E4X,#D6D3D1
15,CTCGccagcacgcaagacgaactgc,NC,-2.3692338096657193,-1.446401670188179,NT400-R1-1E4X,NT400-R2-1E4X,#D6D3D1
16,CTCCccagcacgcaagacgaactgc,NC,-2.599912842187128,-1.7419318470595555,NT400-R1-1E4X,NT400-R2-1E4X,#D6D3D1
17,CTTGccagcacgcaagacgaactgc,NC,-1.6531340033627355,-1.6453983545831303,NT400-R1-1E4X,NT400-R2-1E4X,#D6D3D1
18,CTTCccagcacgcaagacgaactgc,NC,-2.372477037050798,-1.2441529400752587,NT400-R1-1E4X,NT400-R2-1E4X,#D6D3D1
19,GCAGccagcacgcaagacgaactgc,NC,-2.179323699444562,-1.5118990385314328,NT400-R1-1E4X,NT400-R2-1E4X,#D6D3D1
20,GCACccagcacgcaagacgaactgc,NC,-2.1544713490358,-1.2047445555170233,NT400-R1-1E4X,NT400-R2-1E4X,#D6D3D1
21,GCCGccagcacgcaagacgaactgc,NC,-2.230566352782148,-1.5402508519147633,NT400-R1-1E4X,NT400-R2-1E4X,#D6D3D1
22,GCCCccagcacgcaagacgaactgc,NC,-2.2844533894686996,-1.9259994185562233,NT400-R1-1E4X,NT400-R2-1E4X,#D6D3D1
23,GCTGccagcacgcaagacgaactgc,NC,-2.156605859044814,-1.7689447986972753,NT400-R1-1E4X,NT400-R2-1E4X,#D6D3D1
24,GCTCccagcacgcaagacgaactgc,NC,-1.3438305487864237,-1.7040671136455823,NT400-R1-1E4X,NT400-R2-1E4X,#D6D3D1
25,GGAGccagcacgcaagacgaactgc,NC,-2.1910482930080666,-1.3282326717415713,NT400-R1-1E4X,NT400-R2-1E4X,#D6D3D1
26,GGACccagcacgcaagacgaactgc,NC,-1.8466300707910441,-1.3812491858225604,NT400-R1-1E4X,NT400-R2-1E4X,#D6D3D1
27,GGCGccagcacgcaagacgaactgc,NC,-1.2950768752379311,-1.4921137222974847,NT400-R1-1E4X,NT400-R2-1E4X,#D6D3D1
28,GGCCccagcacgcaagacgaactgc,NC,-2.6096245549554253,-1.11887739585192,NT400-R1-1E4X,NT400-R2-1E4X,#D6D3D1
29,GGTGccagcacgcaagacgaactgc,NC,-2.4854268271702415,-1.5538432903423167,NT400-R1-1E4X,NT400-R2-1E4X,#D6D3D1
30,GGTCccagcacgcaagacgaactgc,NC,-1.9631239977649675,-1.3318838135896813,NT400-R1-1E4X,NT400-R2-1E4X,#D6D3D1
31,GTAGccagcacgcaagacgaactgc,NC,-1.5593139133505458,-1.9892576194596026,NT400-R1-1E4X,NT400-R2-1E4X,#D6D3D1
32,GTACccagcacgcaagacgaactgc,NC,-2.2213241539489568,-1.5054421610776298,NT400-R1-1E4X,NT400-R2-1E4X,#D6D3D1
33,GTCGccagcacgcaagacgaactgc,NC,-1.9075190839830363,-1.6973013765926903,NT400-R1-1E4X,NT400-R2-1E4X,#D6D3D1
34,GTCCccagcacgcaagacgaactgc,NC,-2.3532072613752204,-1.9580693195340815,NT400-R1-1E4X,NT400-R2-1E4X,#D6D3D1
35,GTTGccagcacgcaagacgaactgc,NC,-2.076031570406977,-1.4230166881067634,NT400-R1-1E4X,NT400-R2-1E4X,#D6D3D1
36,GTTCccagcacgcaagacgaactgc,NC,-1.075843757983506,-1.2778875339281515,NT400-R1-1E4X,NT400-R2-1E4X,#D6D3D1
37,TCAGccagcacgcaagacgaactgc,NC,-2.0053999877425897,-1.094667325839677,NT400-R1-1E4X,NT400-R2-1E4X,#D6D3D1
38,TCACccagcacgcaagacgaactgc,NC,-2.744408577351768,-0.9681835527383348,NT400-R1-1E4X,NT400-R2-1E4X,#D6D3D1
39,TCCGccagcacgcaagacgaactgc,NC,-1.8259706002249512,-1.2854022188622485,NT400-R1-1E4X,NT400-R2-1E4X,#D6D3D1
40,TCCCccagcacgcaagacgaactgc,NC,-2.2880803244036896,-1.8420159295042209,NT400-R1-1E4X,NT400-R2-1E4X,#D6D3D1
41,TCTGccagcacgcaagacgaactgc,NC,-2.015033429267468,-2.0435219862271636,NT400-R1-1E4X,NT400-R2-1E4X,#D6D3D1
42,TCTCccagcacgcaagacgaactgc,NC,-2.095734103391058,-1.4163069186664097,NT400-R1-1E4X,NT400-R2-1E4X,#D6D3D1
43,TGAGccagcacgcaagacgaactgc,NC,-2.3372712583907385,-1.6728742901751774,NT400-R1-1E4X,NT400-R2-1E4X,#D6D3D1
44,TGACccagcacgcaagacgaactgc,NC,-2.4757334309663976,-1.4847785705694048,NT400-R1-1E4X,NT400-R2-1E4X,#D6D3D1
45,TGCGccagcacgcaagacgaactgc,NC,-2.416914786519514,-1.531557352460637,NT400-R1-1E4X,NT400-R2-1E4X,#D6D3D1
46,TGCCccagcacgcaagacgaactgc,NC,-2.5798915111737344,-2.1610624327325163,NT400-R1-1E4X,NT400-R2-1E4X,#D6D3D1
47,TGTGccagcacgcaagacgaactgc,NC,-2.834143922354574,-1.0334137856592758,NT400-R1-1E4X,NT400-R2-1E4X,#D6D3D1
48,TGTCccagcacgcaagacgaactgc,NC,-2.1674818255139834,-1.9377846035543023,NT400-R1-1E4X,NT400-R2-1E4X,#D6D3D1
49,TTAGccagcacgcaagacgaactgc,NC,-1.4939459422617778,-1.2327251067999152,NT400-R1-1E4X,NT400-R2-1E4X,#D6D3D1
50,TTACccagcacgcaagacgaactgc,NC,-2.182293558872731,-2.11978435739472,NT400-R1-1E4X,NT400-R2-1E4X,#D6D3D1
51,TTCGccagcacgcaagacgaactgc,NC,-1.6058110577714793,-1.8156582257888136,NT400-R1-1E4X,NT400-R2-1E4X,#D6D3D1
52,TTCCccagcacgcaagacgaactgc,NC,-2.3658245248001677,-1.560146180549947,NT400-R1-1E4X,NT400-R2-1E4X,#D6D3D1
53,TTTGccagcacgcaagacgaactgc,NC,-1.84799690655495,-1.5849625007211563,NT400-R1-1E4X,NT400-R2-1E4X,#D6D3D1
54,TTTCccagcacgcaagacgaactgc,NC,-2.878834310477543,-1.0397705286926007,NT400-R1-1E4X,NT400-R2-1E4X,#D6D3D1
55,AACGgagcattcatgtgtctcgatg,NC,-2.6959938131099,-1.241817919924098,NT400-R1-1E4X,NT400-R2-1E4X,#D6D3D1
56,AACCgagcattcatgtgtctcgatg,NC,-1.7491918964994657,-1.2925534927538487,NT400-R1-1E4X,NT400-R2-1E4X,#D6D3D1
57,AAGGgagcattcatgtgtctcgatg,NC,-2.4791678366985597,-2.314108590428063,NT400-R1-1E4X,NT400-R2-1E4X,#D6D3D1
58,AAGCgagcattcatgtgtctcgatg,NC,-2.178249866093244,-2.076711839631182,NT400-R1-1E4X,NT400-R2-1E4X,#D6D3D1
59,AATGgagcattcatgtgtctcgatg,NC,-2.5760952629669336,-2.4347394137213922,NT400-R1-1E4X,NT400-R2-1E4X,#D6D3D1
60,AATCgagcattcatgtgtctcgatg,NC,-2.346247774082775,-1.4982508675278254,NT400-R1-1E4X,NT400-R2-1E4X,#D6D3D1
61,ACCGgagcattcatgtgtctcgatg,NC,-2.415037499278844,-2.0524674198941355,NT400-R1-1E4X,NT400-R2-1E4X,#D6D3D1
62,ACCCgagcattcatgtgtctcgatg,NC,-1.6100534816839867,-0.8807010716276555,NT400-R1-1E4X,NT400-R2-1E4X,#D6D3D1
63,ACGGgagcattcatgtgtctcgatg,NC,-2.4935394729575617,-1.512648295905266,NT400-R1-1E4X,NT400-R2-1E4X,#D6D3D1
64,ACGCgagcattcatgtgtctcgatg,NC,-1.3938569545019432,-2.0148477644073135,NT400-R1-1E4X,NT400-R2-1E4X,#D6D3D1
65,ACTGgagcattcatgtgtctcgatg,NC,-2.355036406699301,-1.6001489045358321,NT400-R1-1E4X,NT400-R2-1E4X,#D6D3D1
66,ACTCgagcattcatgtgtctcgatg,NC,-2.7379144235597552,-2.1278609418757686,NT400-R1-1E4X,NT400-R2-1E4X,#D6D3D1
67,ATCGgagcattcatgtgtctcgatg,NC,-3.1262637726461726,-1.439421657905803,NT400-R1-1E4X,NT400-R2-1E4X,#D6D3D1
68,ATCCgagcattcatgtgtctcgatg,NC,-2.7071499397306447,-1.6326029863655909,NT400-R1-1E4X,NT400-R2-1E4X,#D6D3D1
69,ATGGgagcattcatgtgtctcgatg,NC,-1.1003049057956853,-1.9163420709530905,NT400-R1-1E4X,NT400-R2-1E4X,#D6D3D1
70,ATGCgagcattcatgtgtctcgatg,NC,-2.037474705418663,-1.2715964193372178,NT400-R1-1E4X,NT400-R2-1E4X,#D6D3D1
71,ATTGgagcattcatgtgtctcgatg,NC,-2.5528236550290733,-1.647038996646724,NT400-R1-1E4X,NT400-R2-1E4X,#D6D3D1
72,ATTCgagcattcatgtgtctcgatg,NC,-2.0792598622729743,-1.8958785803512348,NT400-R1-1E4X,NT400-R2-1E4X,#D6D3D1
73,CACGgagcattcatgtgtctcgatg,NC,-2.078002512001273,-1.5474877953024933,NT400-R1-1E4X,NT400-R2-1E4X,#D6D3D1
74,CACCgagcattcatgtgtctcgatg,NC,-2.678071905112638,-1.6780719051126376,NT400-R1-1E4X,NT400-R2-1E4X,#D6D3D1
75,CAGGgagcattcatgtgtctcgatg,NC,-2.4646682670034443,-1.7162070339994087,NT400-R1-1E4X,NT400-R2-1E4X,#D6D3D1
76,CAGCgagcattcatgtgtctcgatg,NC,-2.205675026391514,-1.093782146320617,NT400-R1-1E4X,NT400-R2-1E4X,#D6D3D1
77,CATGgagcattcatgtgtctcgatg,NC,-3.0016688203606186,-0.8861916029406826,NT400-R1-1E4X,NT400-R2-1E4X,#D6D3D1
78,CATCgagcattcatgtgtctcgatg,NC,-3.286401661258221,-1.1829720716028156,NT400-R1-1E4X,NT400-R2-1E4X,#D6D3D1
79,CCCGgagcattcatgtgtctcgatg,NC,-1.8834859912735749,-2.2820353677638496,NT400-R1-1E4X,NT400-R2-1E4X,#D6D3D1
80,CCCCgagcattcatgtgtctcgatg,NC,-1.9068905956085185,-1.3219280948873622,NT400-R1-1E4X,NT400-R2-1E4X,#D6D3D1
81,CCGGgagcattcatgtgtctcgatg,NC,-2.3150417093021227,-1.8004685364723643,NT400-R1-1E4X,NT400-R2-1E4X,#D6D3D1
82,CCGCgagcattcatgtgtctcgatg,NC,-2.4346282276367246,-1.8800393759590874,NT400-R1-1E4X,NT400-R2-1E4X,#D6D3D1
83,CCTGgagcattcatgtgtctcgatg,NC,-2.7660929568713493,-2.119202707006991,NT400-R1-1E4X,NT400-R2-1E4X,#D6D3D1
84,CCTCgagcattcatgtgtctcgatg,NC,-2.6599245584023783,-2.0,NT400-R1-1E4X,NT400-R2-1E4X,#D6D3D1
85,CTCGgagcattcatgtgtctcgatg,NC,-2.0641303374197157,-1.7865963618908067,NT400-R1-1E4X,NT400-R2-1E4X,#D6D3D1
86,CTCCgagcattcatgtgtctcgatg,NC,-2.3824696368224134,-1.1023617176296778,NT400-R1-1E4X,NT400-R2-1E4X,#D6D3D1
87,CTGGgagcattcatgtgtctcgatg,NC,-2.8969065070358964,-1.1699250014423124,NT400-R1-1E4X,NT400-R2-1E4X,#D6D3D1
88,CTGCgagcattcatgtgtctcgatg,NC,-2.206780222301841,-1.3631817796444081,NT400-R1-1E4X,NT400-R2-1E4X,#D6D3D1
89,CTTGgagcattcatgtgtctcgatg,NC,-2.5210098679319404,-2.1326074951565634,NT400-R1-1E4X,NT400-R2-1E4X,#D6D3D1
90,CTTCgagcattcatgtgtctcgatg,NC,-2.5464883529065205,-1.3625700793847082,NT400-R1-1E4X,NT400-R2-1E4X,#D6D3D1
91,GACGgagcattcatgtgtctcgatg,NC,-1.0,-1.8650704199138914,NT400-R1-1E4X,NT400-R2-1E4X,#D6D3D1
92,GACCgagcattcatgtgtctcgatg,NC,-2.2051144299046124,-1.3750394313469247,NT400-R1-1E4X,NT400-R2-1E4X,#D6D3D1
93,GAGGgagcattcatgtgtctcgatg,NC,-2.134301091711591,-2.0324214776923775,NT400-R1-1E4X,NT400-R2-1E4X,#D6D3D1
94,GAGCgagcattcatgtgtctcgatg,NC,-2.3286227474613708,-1.6463630453852995,NT400-R1-1E4X,NT400-R2-1E4X,#D6D3D1
95,GATGgagcattcatgtgtctcgatg,NC,-2.4867251878766417,-1.1241551084919332,NT400-R1-1E4X,NT400-R2-1E4X,#D6D3D1
96,GATCgagcattcatgtgtctcgatg,NC,-2.6474835852792147,-1.6780719051126376,NT400-R1-1E4X,NT400-R2-1E4X,#D6D3D1
97,GCCGgagcattcatgtgtctcgatg,NC,-1.5300362902175626,-1.5300362902175626,NT400-R1-1E4X,NT400-R2-1E4X,#D6D3D1
98,GCCCgagcattcatgtgtctcgatg,NC,-2.160464672193246,-1.493040011280117,NT400-R1-1E4X,NT400-R2-1E4X,#D6D3D1
99,GCGGgagcattcatgtgtctcgatg,NC,-2.7925579201295236,-1.4913883854089587,NT400-R1-1E4X,NT400-R2-1E4X,#D6D3D1
100,GCGCgagcattcatgtgtctcgatg,NC,-1.578783925792032,-1.7556616878761113,NT400-R1-1E4X,NT400-R2-1E4X,#D6D3D1
101,GCTGgagcattcatgtgtctcgatg,NC,-1.7583392449587731,-2.2801079191927354,NT400-R1-1E4X,NT400-R2-1E4X,#D6D3D1
102,GCTCgagcattcatgtgtctcgatg,NC,-2.3512615888455293,-1.6731896837328915,NT400-R1-1E4X,NT400-R2-1E4X,#D6D3D1
103,GTCGgagcattcatgtgtctcgatg,NC,-2.8339900485610707,-2.0537712564409807,NT400-R1-1E4X,NT400-R2-1E4X,#D6D3D1
104,GTCCgagcattcatgtgtctcgatg,NC,-1.5982593233346138,-1.446256229889564,NT400-R1-1E4X,NT400-R2-1E4X,#D6D3D1
105,GTGGgagcattcatgtgtctcgatg,NC,-2.7925579201295236,-3.207595419408367,NT400-R1-1E4X,NT400-R2-1E4X,#D6D3D1
106,GTGCgagcattcatgtgtctcgatg,NC,-2.4136910735713273,-2.0874628412503395,NT400-R1-1E4X,NT400-R2-1E4X,#D6D3D1
107,GTTGgagcattcatgtgtctcgatg,NC,-2.132733066514733,-2.132733066514733,NT400-R1-1E4X,NT400-R2-1E4X,#D6D3D1
108,GTTCgagcattcatgtgtctcgatg,NC,-2.3819048707001533,-1.2021988484652555,NT400-R1-1E4X,NT400-R2-1E4X,#D6D3D1
109,aagtcACAAacgcaagacgaactgc,B0801,0.9797465783581407,-1.5092199383355513,NT400-R1-1E4X,NT400-R2-1E4X,#FDA4AF
110,aagtcACATacgcaagacgaactgc,B0801,-1.9837897728187412,-1.9918721191165996,NT400-R1-1E4X,NT400-R2-1E4X,#FDA4AF
111,aagtcACCAacgcaagacgaactgc,B0801,-2.3192034575508265,-0.9281828393905183,NT400-R1-1E4X,NT400-R2-1E4X,#FDA4AF
112,aagtcACCTacgcaagacgaactgc,B0801,-3.520072969977133,-2.783107375810927,NT400-R1-1E4X,NT400-R2-1E4X,#FDA4AF
113,aagtcACTAacgcaagacgaactgc,B0801,-2.8373496623554413,-1.1217577189818022,NT400-R1-1E4X,NT400-R2-1E4X,#FDA4AF
114,aagtcACTTacgcaagacgaactgc,B0801,-3.6274306418616136,-2.1655265375447956,NT400-R1-1E4X,NT400-R2-1E4X,#FDA4AF
115,aagtcAGAAacgcaagacgaactgc,B0801,-2.879867421841972,-1.69842055050444,NT400-R1-1E4X,NT400-R2-1E4X,#FDA4AF
116,aagtcAGATacgcaagacgaactgc,B0801,-2.6717352223501614,-2.1963972128035034,NT400-R1-1E4X,NT400-R2-1E4X,#FDA4AF
117,aagtcAGCAacgcaagacgaactgc,B0801,-1.3628100286644111,-2.4611121022762155,NT400-R1-1E4X,NT400-R2-1E4X,#FDA4AF
118,aagtcAGCTacgcaagacgaactgc,B0801,-2.4696817153310544,-2.065291460251719,NT400-R1-1E4X,NT400-R2-1E4X,#FDA4AF
119,aagtcAGTAacgcaagacgaactgc,B0801,-2.040385071480749,-1.9285710681513977,NT400-R1-1E4X,NT400-R2-1E4X,#FDA4AF
120,aagtcAGTTacgcaagacgaactgc,B0801,-2.8732496984868616,-1.5915652355454033,NT400-R1-1E4X,NT400-R2-1E4X,#FDA4AF
121,aagtcATAAacgcaagacgaactgc,B0801,-1.0742794259585557,-2.474519923309319,NT400-R1-1E4X,NT400-R2-1E4X,#FDA4AF
122,aagtcATATacgcaagacgaactgc,B0801,-2.2479275134435857,-2.2021238238304606,NT400-R1-1E4X,NT400-R2-1E4X,#FDA4AF
123,aagtcATCAacgcaagacgaactgc,B0801,-2.548436624696042,-1.1424442650202054,NT400-R1-1E4X,NT400-R2-1E4X,#FDA4AF
124,aagtcATCTacgcaagacgaactgc,B0801,-2.21062655343862,-2.640212361286619,NT400-R1-1E4X,NT400-R2-1E4X,#FDA4AF
125,aagtcATTAacgcaagacgaactgc,B0801,-2.594998680609734,-1.3363771535874127,NT400-R1-1E4X,NT400-R2-1E4X,#FDA4AF
126,aagtcATTTacgcaagacgaactgc,B0801,-2.541108211131729,-2.2991036605413155,NT400-R1-1E4X,NT400-R2-1E4X,#FDA4AF
127,aagtcGCAAacgcaagacgaactgc,B0801,-2.8547227697432636,-1.7888348340868063,NT400-R1-1E4X,NT400-R2-1E4X,#FDA4AF
128,aagtcGCATacgcaagacgaactgc,B0801,-1.0882865324179551,-1.921789471987857,NT400-R1-1E4X,NT400-R2-1E4X,#FDA4AF
129,aagtcGCCAacgcaagacgaactgc,B0801,-1.9400921559769246,-2.0844820653120997,NT400-R1-1E4X,NT400-R2-1E4X,#FDA4AF
130,aagtcGCCTacgcaagacgaactgc,B0801,-2.163975735111126,-2.0509667732819397,NT400-R1-1E4X,NT400-R2-1E4X,#FDA4AF
131,aagtcGCTAacgcaagacgaactgc,B0801,-2.4766765650712297,-1.366493647320807,NT400-R1-1E4X,NT400-R2-1E4X,#FDA4AF
132,aagtcGCTTacgcaagacgaactgc,B0801,-2.7483961749426102,-1.0614712632759997,NT400-R1-1E4X,NT400-R2-1E4X,#FDA4AF
133,aagtcGGAAacgcaagacgaactgc,B0801,-2.051323307899917,-0.45516839230855644,NT400-R1-1E4X,NT400-R2-1E4X,#FDA4AF
134,aagtcGGATacgcaagacgaactgc,B0801,-2.689299160535892,-2.163230348868304,NT400-R1-1E4X,NT400-R2-1E4X,#FDA4AF
135,aagtcGGCAacgcaagacgaactgc,B0801,-2.879891333848418,-1.385953006822659,NT400-R1-1E4X,NT400-R2-1E4X,#FDA4AF
136,aagtcGGCTacgcaagacgaactgc,B0801,-0.9459042559590901,-1.4594316186372973,NT400-R1-1E4X,NT400-R2-1E4X,#FDA4AF
137,aagtcGGTAacgcaagacgaactgc,B0801,-2.2634606711762033,-1.899186285579246,NT400-R1-1E4X,NT400-R2-1E4X,#FDA4AF
138,aagtcGGTTacgcaagacgaactgc,B0801,-1.3831648737256996,-1.331692032661891,NT400-R1-1E4X,NT400-R2-1E4X,#FDA4AF
139,aagtcGTAAacgcaagacgaactgc,B0801,-2.194043565355259,-2.346046658800309,NT400-R1-1E4X,NT400-R2-1E4X,#FDA4AF
140,aagtcGTATacgcaagacgaactgc,B0801,-2.2260680794798464,-0.936896077858874,NT400-R1-1E4X,NT400-R2-1E4X,#FDA4AF
141,aagtcGTCAacgcaagacgaactgc,B0801,-2.273174436150165,-1.6190434959642623,NT400-R1-1E4X,NT400-R2-1E4X,#FDA4AF
142,aagtcGTCTacgcaagacgaactgc,B0801,-1.6244908649077936,-1.957234242552992,NT400-R1-1E4X,NT400-R2-1E4X,#FDA4AF
143,aagtcGTTAacgcaagacgaactgc,B0801,-2.7836915308108465,-1.578267848147148,NT400-R1-1E4X,NT400-R2-1E4X,#FDA4AF
144,aagtcGTTTacgcaagacgaactgc,B0801,-2.209992321506293,-2.0909396498625292,NT400-R1-1E4X,NT400-R2-1E4X,#FDA4AF
145,aagtcTCAAacgcaagacgaactgc,B0801,-2.382118772638229,-1.7886447720615557,NT400-R1-1E4X,NT400-R2-1E4X,#FDA4AF
146,aagtcTCATacgcaagacgaactgc,B0801,-2.0,-1.318974777498015,NT400-R1-1E4X,NT400-R2-1E4X,#FDA4AF
147,aagtcTCCAacgcaagacgaactgc,B0801,-1.8073549220576042,-1.4297173945839543,NT400-R1-1E4X,NT400-R2-1E4X,#FDA4AF
148,aagtcTCCTacgcaagacgaactgc,B0801,-1.7107059658807535,-2.0694543343130536,NT400-R1-1E4X,NT400-R2-1E4X,#FDA4AF
149,aagtcTCTAacgcaagacgaactgc,B0801,-2.8212818800996815,-1.5208869467619603,NT400-R1-1E4X,NT400-R2-1E4X,#FDA4AF
150,aagtcTCTTacgcaagacgaactgc,B0801,-1.8701388644174082,-2.5324434536717293,NT400-R1-1E4X,NT400-R2-1E4X,#FDA4AF
151,aagtcTGAAacgcaagacgaactgc,B0801,-2.6385435409260003,-1.8300749985576876,NT400-R1-1E4X,NT400-R2-1E4X,#FDA4AF
152,aagtcTGATacgcaagacgaactgc,B0801,-2.5947254696610536,-1.5091497379549794,NT400-R1-1E4X,NT400-R2-1E4X,#FDA4AF
153,aagtcTGCAacgcaagacgaactgc,B0801,-2.606940869816651,-1.4740465993193055,NT400-R1-1E4X,NT400-R2-1E4X,#FDA4AF
154,aagtcTGCTacgcaagacgaactgc,B0801,-1.6146541856579613,-2.2780738052979346,NT400-R1-1E4X,NT400-R2-1E4X,#FDA4AF
155,aagtcTGTAacgcaagacgaactgc,B0801,-2.1052597877384502,-1.143823368962338,NT400-R1-1E4X,NT400-R2-1E4X,#FDA4AF
156,aagtcTGTTacgcaagacgaactgc,B0801,-2.103812329428848,-2.0036756581433983,NT400-R1-1E4X,NT400-R2-1E4X,#FDA4AF
157,aagtcTTAAacgcaagacgaactgc,B0801,-3.0819175620046564,-1.2304400867147445,NT400-R1-1E4X,NT400-R2-1E4X,#FDA4AF
158,aagtcTTATacgcaagacgaactgc,B0801,-2.603615207623048,-1.5906761519155497,NT400-R1-1E4X,NT400-R2-1E4X,#FDA4AF
159,aagtcTTCAacgcaagacgaactgc,B0801,-0.41374046148502663,-1.9278692039449237,NT400-R1-1E4X,NT400-R2-1E4X,#FDA4AF
160,aagtcTTCTacgcaagacgaactgc,B0801,-1.8703647195834043,-2.3408412052876746,NT400-R1-1E4X,NT400-R2-1E4X,#FDA4AF
161,aagtcTTTAacgcaagacgaactgc,B0801,-2.155830171556526,-1.5509681133976645,NT400-R1-1E4X,NT400-R2-1E4X,#FDA4AF
162,aagtcTTTTacgcaagacgaactgc,B0801,-2.760812336120574,-2.267772324840457,NT400-R1-1E4X,NT400-R2-1E4X,#FDA4AF
163,tgaggCAAGttcatgtgtctcgatg,B0801,-2.339764780033143,-2.4925350604363885,NT400-R1-1E4X,NT400-R2-1E4X,#FDA4AF
164,tgaggCAACttcatgtgtctcgatg,B0801,-1.392535500783996,-2.084413205421664,NT400-R1-1E4X,NT400-R2-1E4X,#FDA4AF
165,tgaggCAGGttcatgtgtctcgatg,B0801,-2.2032835983887433,-2.0207585601667972,NT400-R1-1E4X,NT400-R2-1E4X,#FDA4AF
166,tgaggCAGCttcatgtgtctcgatg,B0801,-3.304410333629333,-1.6545966885582084,NT400-R1-1E4X,NT400-R2-1E4X,#FDA4AF
167,tgaggCATGttcatgtgtctcgatg,B0801,-3.357094949318557,-1.919977916568795,NT400-R1-1E4X,NT400-R2-1E4X,#FDA4AF
168,tgaggCATCttcatgtgtctcgatg,B0801,-3.4833915175814787,-2.2448191691895962,NT400-R1-1E4X,NT400-R2-1E4X,#FDA4AF
169,tgaggCCAGttcatgtgtctcgatg,B0801,-3.380671885760019,-1.5867624947673662,NT400-R1-1E4X,NT400-R2-1E4X,#FDA4AF
170,tgaggCCACttcatgtgtctcgatg,B0801,-3.646162657157894,-1.6826885331830077,NT400-R1-1E4X,NT400-R2-1E4X,#FDA4AF
171,tgaggCCGGttcatgtgtctcgatg,B0801,-2.280875718593981,-1.192261331420413,NT400-R1-1E4X,NT400-R2-1E4X,#FDA4AF
172,tgaggCCGCttcatgtgtctcgatg,B0801,-3.063991556693247,-2.5987683002461868,NT400-R1-1E4X,NT400-R2-1E4X,#FDA4AF
173,tgaggCCTGttcatgtgtctcgatg,B0801,-0.6904713976751966,-2.809643098652874,NT400-R1-1E4X,NT400-R2-1E4X,#FDA4AF
174,tgaggCCTCttcatgtgtctcgatg,B0801,-1.8914985451915365,-2.5062083893067446,NT400-R1-1E4X,NT400-R2-1E4X,#FDA4AF
175,tgaggCTAGttcatgtgtctcgatg,B0801,-2.0887882387169068,-1.8744691179161412,NT400-R1-1E4X,NT400-R2-1E4X,#FDA4AF
176,tgaggCTACttcatgtgtctcgatg,B0801,-2.5875318603332893,-1.3400104538708202,NT400-R1-1E4X,NT400-R2-1E4X,#FDA4AF
177,tgaggCTGGttcatgtgtctcgatg,B0801,-0.9158223877142455,-1.7010835389212327,NT400-R1-1E4X,NT400-R2-1E4X,#FDA4AF
178,tgaggCTGCttcatgtgtctcgatg,B0801,-2.6329114621658376,-1.5179457480453173,NT400-R1-1E4X,NT400-R2-1E4X,#FDA4AF
179,tgaggCTTGttcatgtgtctcgatg,B0801,-1.1343856799700005,-1.6560455987826388,NT400-R1-1E4X,NT400-R2-1E4X,#FDA4AF
180,tgaggCTTCttcatgtgtctcgatg,B0801,-1.9711351832790078,-1.8795047078134395,NT400-R1-1E4X,NT400-R2-1E4X,#FDA4AF
181,tgaggGAAGttcatgtgtctcgatg,B0801,-1.6811778159804593,-2.0473057147783567,NT400-R1-1E4X,NT400-R2-1E4X,#FDA4AF
182,tgaggGAACttcatgtgtctcgatg,B0801,-2.8953026213333066,-2.584962500721156,NT400-R1-1E4X,NT400-R2-1E4X,#FDA4AF
183,tgaggGAGGttcatgtgtctcgatg,B0801,-2.4802651220544627,-1.480265122054463,NT400-R1-1E4X,NT400-R2-1E4X,#FDA4AF
184,tgaggGAGCttcatgtgtctcgatg,B0801,-1.4676055500829974,-2.2581521844540475,NT400-R1-1E4X,NT400-R2-1E4X,#FDA4AF
185,tgaggGATGttcatgtgtctcgatg,B0801,-1.8603480096714882,-2.123382415505282,NT400-R1-1E4X,NT400-R2-1E4X,#FDA4AF
186,tgaggGATCttcatgtgtctcgatg,B0801,-2.0809199953835673,-1.4167872812288034,NT400-R1-1E4X,NT400-R2-1E4X,#FDA4AF
187,tgaggGCAGttcatgtgtctcgatg,B0801,-2.2868063017379314,-1.9758772057998262,NT400-R1-1E4X,NT400-R2-1E4X,#FDA4AF
188,tgaggGCACttcatgtgtctcgatg,B0801,-2.383914981783063,-1.5011526570674365,NT400-R1-1E4X,NT400-R2-1E4X,#FDA4AF
189,tgaggGCGGttcatgtgtctcgatg,B0801,-2.102361717629678,-1.9085384484900008,NT400-R1-1E4X,NT400-R2-1E4X,#FDA4AF
190,tgaggGCGCttcatgtgtctcgatg,B0801,-1.7621555026275078,-2.0416780312498704,NT400-R1-1E4X,NT400-R2-1E4X,#FDA4AF
191,tgaggGCTGttcatgtgtctcgatg,B0801,-1.6791139384124638,-1.7561901614311046,NT400-R1-1E4X,NT400-R2-1E4X,#FDA4AF
192,tgaggGCTCttcatgtgtctcgatg,B0801,-1.745837998170158,-1.9251616976147201,NT400-R1-1E4X,NT400-R2-1E4X,#FDA4AF
193,tgaggGTAGttcatgtgtctcgatg,B0801,-1.9923868158901248,-1.4124953047163906,NT400-R1-1E4X,NT400-R2-1E4X,#FDA4AF
194,tgaggGTACttcatgtgtctcgatg,B0801,-2.9803711932510675,-2.4216402341030907,NT400-R1-1E4X,NT400-R2-1E4X,#FDA4AF
195,tgaggGTGGttcatgtgtctcgatg,B0801,-2.49677697496896,-1.6815168548260095,NT400-R1-1E4X,NT400-R2-1E4X,#FDA4AF
196,tgaggGTGCttcatgtgtctcgatg,B0801,-2.4970148014454536,-1.9434164716336324,NT400-R1-1E4X,NT400-R2-1E4X,#FDA4AF
197,tgaggGTTGttcatgtgtctcgatg,B0801,-3.0045582819623045,-1.7384834218084593,NT400-R1-1E4X,NT400-R2-1E4X,#FDA4AF
198,tgaggGTTCttcatgtgtctcgatg,B0801,-2.7251958172266635,-1.2922364099505572,NT400-R1-1E4X,NT400-R2-1E4X,#FDA4AF
199,tgaggTAAGttcatgtgtctcgatg,B0801,-2.1040230645432283,-2.560087832082127,NT400-R1-1E4X,NT400-R2-1E4X,#FDA4AF
200,tgaggTAACttcatgtgtctcgatg,B0801,-1.6495636762511472,-1.6824283101567736,NT400-R1-1E4X,NT400-R2-1E4X,#FDA4AF
201,tgaggTAGGttcatgtgtctcgatg,B0801,-2.376061532020841,-2.3239730208723866,NT400-R1-1E4X,NT400-R2-1E4X,#FDA4AF
202,tgaggTAGCttcatgtgtctcgatg,B0801,-1.7503116194139436,-1.87340675038589,NT400-R1-1E4X,NT400-R2-1E4X,#FDA4AF
203,tgaggTATGttcatgtgtctcgatg,B0801,-2.2148744520524315,-1.9877764237422437,NT400-R1-1E4X,NT400-R2-1E4X,#FDA4AF
204,tgaggTATCttcatgtgtctcgatg,B0801,-3.1571344010027906,-2.2949750424177457,NT400-R1-1E4X,NT400-R2-1E4X,#FDA4AF
205,tgaggTCAGttcatgtgtctcgatg,B0801,-2.788795592561939,-1.5163008574790788,NT400-R1-1E4X,NT400-R2-1E4X,#FDA4AF
206,tgaggTCACttcatgtgtctcgatg,B0801,-2.1060083238190406,-2.281231513518134,NT400-R1-1E4X,NT400-R2-1E4X,#FDA4AF
207,tgaggTCGGttcatgtgtctcgatg,B0801,-3.5107474080821452,-2.3544714681516843,NT400-R1-1E4X,NT400-R2-1E4X,#FDA4AF
208,tgaggTCGCttcatgtgtctcgatg,B0801,-3.5595771823012425,-2.2176576122264144,NT400-R1-1E4X,NT400-R2-1E4X,#FDA4AF
209,tgaggTCTGttcatgtgtctcgatg,B0801,-2.315641832039931,-1.8586561507631165,NT400-R1-1E4X,NT400-R2-1E4X,#FDA4AF
210,tgaggTCTCttcatgtgtctcgatg,B0801,-1.596912257177868,-1.7640708243288041,NT400-R1-1E4X,NT400-R2-1E4X,#FDA4AF
211,tgaggTTAGttcatgtgtctcgatg,B0801,-1.5800470103070396,-1.7490522188964626,NT400-R1-1E4X,NT400-R2-1E4X,#FDA4AF
212,tgaggTTACttcatgtgtctcgatg,B0801,-1.4044383922489194,-2.4618886644328195,NT400-R1-1E4X,NT400-R2-1E4X,#FDA4AF
213,tgaggTTGGttcatgtgtctcgatg,B0801,-2.913163192624048,-1.6766955860758779,NT400-R1-1E4X,NT400-R2-1E4X,#FDA4AF
214,tgaggTTGCttcatgtgtctcgatg,B0801,-2.3932016980383715,-1.515920856291505,NT400-R1-1E4X,NT400-R2-1E4X,#FDA4AF
215,tgaggTTTGttcatgtgtctcgatg,B0801,-2.4199509807698956,-1.7976753215806838,NT400-R1-1E4X,NT400-R2-1E4X,#FDA4AF
216,tgaggTTTCttcatgtgtctcgatg,B0801,-2.41193254334208,-1.7101301208011093,NT400-R1-1E4X,NT400-R2-1E4X,#FDA4AF
217,aagtccagcaAAAGagacgaactgc,A0201,-0.015866405459021096,-0.07162967698102997,NT400-R1-1E4X,NT400-R2-1E4X,#67E8F9
218,aagtccagcaAAACagacgaactgc,A0201,0.3384683654788282,0.01993884705333094,NT400-R1-1E4X,NT400-R2-1E4X,#67E8F9
219,aagtccagcaAAGGagacgaactgc,A0201,0.3244987625615912,-0.173605347930261,NT400-R1-1E4X,NT400-R2-1E4X,#67E8F9
220,aagtccagcaAAGCagacgaactgc,A0201,0.24885952046505266,-0.06439875412318863,NT400-R1-1E4X,NT400-R2-1E4X,#67E8F9
221,aagtccagcaAATGagacgaactgc,A0201,0.32976580550004675,0.12880177102704785,NT400-R1-1E4X,NT400-R2-1E4X,#67E8F9
222,aagtccagcaAATCagacgaactgc,A0201,0.2510092404563844,0.1975999598851607,NT400-R1-1E4X,NT400-R2-1E4X,#67E8F9
223,aagtccagcaACAGagacgaactgc,A0201,0.12227202585089636,0.17397021350026112,NT400-R1-1E4X,NT400-R2-1E4X,#67E8F9
224,aagtccagcaACACagacgaactgc,A0201,0.1345010355884116,0.2600319176722705,NT400-R1-1E4X,NT400-R2-1E4X,#67E8F9
225,aagtccagcaACGGagacgaactgc,A0201,0.5143408360805823,0.11815532296137696,NT400-R1-1E4X,NT400-R2-1E4X,#67E8F9
226,aagtccagcaACGCagacgaactgc,A0201,0.14878458672059738,0.11207280836407618,NT400-R1-1E4X,NT400-R2-1E4X,#67E8F9
227,aagtccagcaACTGagacgaactgc,A0201,0.36156629083081027,-0.10778382640099084,NT400-R1-1E4X,NT400-R2-1E4X,#67E8F9
228,aagtccagcaACTCagacgaactgc,A0201,0.1944473205763814,-0.05460633065047034,NT400-R1-1E4X,NT400-R2-1E4X,#67E8F9
229,aagtccagcaATAGagacgaactgc,A0201,-0.033392662542845605,-0.08600728870626738,NT400-R1-1E4X,NT400-R2-1E4X,#67E8F9
230,aagtccagcaATACagacgaactgc,A0201,0.14916292662612013,0.017355939133769087,NT400-R1-1E4X,NT400-R2-1E4X,#67E8F9
231,aagtccagcaATGGagacgaactgc,A0201,0.19912753666156752,0.12119300416511983,NT400-R1-1E4X,NT400-R2-1E4X,#67E8F9
232,aagtccagcaATGCagacgaactgc,A0201,0.14028570890517797,0.0890922785331914,NT400-R1-1E4X,NT400-R2-1E4X,#67E8F9
233,aagtccagcaATTGagacgaactgc,A0201,0.16747450220748997,0.1229361061309916,NT400-R1-1E4X,NT400-R2-1E4X,#67E8F9
234,aagtccagcaATTCagacgaactgc,A0201,0.29947324405966647,0.09953567355091437,NT400-R1-1E4X,NT400-R2-1E4X,#67E8F9
235,aagtccagcaGAAGagacgaactgc,A0201,0.18435495811703273,-0.27106200267765035,NT400-R1-1E4X,NT400-R2-1E4X,#67E8F9
236,aagtccagcaGAACagacgaactgc,A0201,0.29157381204772037,-0.23687666758278303,NT400-R1-1E4X,NT400-R2-1E4X,#67E8F9
237,aagtccagcaGAGGagacgaactgc,A0201,0.06177619758668981,0.0874628412503394,NT400-R1-1E4X,NT400-R2-1E4X,#67E8F9
238,aagtccagcaGAGCagacgaactgc,A0201,0.4124323482327006,0.0014865483447022256,NT400-R1-1E4X,NT400-R2-1E4X,#67E8F9
239,aagtccagcaGATGagacgaactgc,A0201,0.46101975000826734,0.005368173787685712,NT400-R1-1E4X,NT400-R2-1E4X,#67E8F9
240,aagtccagcaGATCagacgaactgc,A0201,0.45085797485780016,-0.14248228320430104,NT400-R1-1E4X,NT400-R2-1E4X,#67E8F9
241,aagtccagcaGCAGagacgaactgc,A0201,0.2405605440353726,-0.1554545186339792,NT400-R1-1E4X,NT400-R2-1E4X,#67E8F9
242,aagtccagcaGCACagacgaactgc,A0201,0.27438705897470916,-0.056230618618793284,NT400-R1-1E4X,NT400-R2-1E4X,#67E8F9
243,aagtccagcaGCGGagacgaactgc,A0201,0.333494629572322,0.1470815053414408,NT400-R1-1E4X,NT400-R2-1E4X,#67E8F9
244,aagtccagcaGCGCagacgaactgc,A0201,0.17496115837976878,0.13816912701013295,NT400-R1-1E4X,NT400-R2-1E4X,#67E8F9
245,aagtccagcaGCTGagacgaactgc,A0201,0.36808708435227405,-0.015720458121766662,NT400-R1-1E4X,NT400-R2-1E4X,#67E8F9
246,aagtccagcaGCTCagacgaactgc,A0201,0.18418996750395028,-0.13838348415592208,NT400-R1-1E4X,NT400-R2-1E4X,#67E8F9
247,aagtccagcaGTAGagacgaactgc,A0201,0.1709782283010229,0.11453908253857133,NT400-R1-1E4X,NT400-R2-1E4X,#67E8F9
248,aagtccagcaGTACagacgaactgc,A0201,0.04148838818304251,-0.1069152039165119,NT400-R1-1E4X,NT400-R2-1E4X,#67E8F9
249,aagtccagcaGTGGagacgaactgc,A0201,0.17961660746983593,0.06181401588226677,NT400-R1-1E4X,NT400-R2-1E4X,#67E8F9
250,aagtccagcaGTGCagacgaactgc,A0201,0.2807429920739191,-0.0043259254027900335,NT400-R1-1E4X,NT400-R2-1E4X,#67E8F9
251,aagtccagcaGTTGagacgaactgc,A0201,0.3049439152564838,-0.006581220462038646,NT400-R1-1E4X,NT400-R2-1E4X,#67E8F9
252,aagtccagcaGTTCagacgaactgc,A0201,0.21114766416882527,-0.047828525090615165,NT400-R1-1E4X,NT400-R2-1E4X,#67E8F9
253,aagtccagcaTAAGagacgaactgc,A0201,0.33412765910675357,-0.0472353067823987,NT400-R1-1E4X,NT400-R2-1E4X,#67E8F9
254,aagtccagcaTAACagacgaactgc,A0201,0.23772750601661968,0.24253649393901947,NT400-R1-1E4X,NT400-R2-1E4X,#67E8F9
255,aagtccagcaTAGGagacgaactgc,A0201,0.35827584941822094,-0.14345279008112133,NT400-R1-1E4X,NT400-R2-1E4X,#67E8F9
256,aagtccagcaTAGCagacgaactgc,A0201,0.34570206350362864,-0.04203779316858809,NT400-R1-1E4X,NT400-R2-1E4X,#67E8F9
257,aagtccagcaTATGagacgaactgc,A0201,0.18126063646527846,-0.17230462965822033,NT400-R1-1E4X,NT400-R2-1E4X,#67E8F9
258,aagtccagcaTATCagacgaactgc,A0201,0.3087239949335048,-0.09206661790525102,NT400-R1-1E4X,NT400-R2-1E4X,#67E8F9
259,aagtccagcaTCAGagacgaactgc,A0201,0.3451354860486875,0.09144102938621569,NT400-R1-1E4X,NT400-R2-1E4X,#67E8F9
260,aagtccagcaTCACagacgaactgc,A0201,0.002098465883997877,-0.08209162081896157,NT400-R1-1E4X,NT400-R2-1E4X,#67E8F9
261,aagtccagcaTCGGagacgaactgc,A0201,0.17343094494384773,0.20574866521657612,NT400-R1-1E4X,NT400-R2-1E4X,#67E8F9
262,aagtccagcaTCGCagacgaactgc,A0201,0.4872761400860353,0.024085618524313155,NT400-R1-1E4X,NT400-R2-1E4X,#67E8F9
263,aagtccagcaTCTGagacgaactgc,A0201,0.2825305814595909,-0.05246741989413554,NT400-R1-1E4X,NT400-R2-1E4X,#67E8F9
264,aagtccagcaTCTCagacgaactgc,A0201,0.3968512139566635,0.2519693579679384,NT400-R1-1E4X,NT400-R2-1E4X,#67E8F9
265,aagtccagcaTTAGagacgaactgc,A0201,0.03858058966072196,-0.10049907595124881,NT400-R1-1E4X,NT400-R2-1E4X,#67E8F9
266,aagtccagcaTTACagacgaactgc,A0201,0.2530819628012293,0.1408625358398497,NT400-R1-1E4X,NT400-R2-1E4X,#67E8F9
267,aagtccagcaTTGGagacgaactgc,A0201,0.12841627312743414,-0.06990201323015617,NT400-R1-1E4X,NT400-R2-1E4X,#67E8F9
268,aagtccagcaTTGCagacgaactgc,A0201,0.16928519698777605,0.0023009495162738276,NT400-R1-1E4X,NT400-R2-1E4X,#67E8F9
269,aagtccagcaTTTGagacgaactgc,A0201,0.22766736337712226,0.026472211361191177,NT400-R1-1E4X,NT400-R2-1E4X,#67E8F9
270,aagtccagcaTTTCagacgaactgc,A0201,0.19320676572090967,-0.15150380462162433,NT400-R1-1E4X,NT400-R2-1E4X,#67E8F9
271,tgaggagcatAACGgtgtctcgatg,A0201,0.0670066884967459,-0.20554152033622292,NT400-R1-1E4X,NT400-R2-1E4X,#67E8F9
272,tgaggagcatAACCgtgtctcgatg,A0201,0.2167407535598589,-0.15369144359781986,NT400-R1-1E4X,NT400-R2-1E4X,#67E8F9
273,tgaggagcatAAGGgtgtctcgatg,A0201,0.22844146600925302,-0.09499651393574689,NT400-R1-1E4X,NT400-R2-1E4X,#67E8F9
274,tgaggagcatAAGCgtgtctcgatg,A0201,0.16835770629535207,0.07106050494043711,NT400-R1-1E4X,NT400-R2-1E4X,#67E8F9
275,tgaggagcatAATGgtgtctcgatg,A0201,0.2023229918447497,-0.1949116849143409,NT400-R1-1E4X,NT400-R2-1E4X,#67E8F9
276,tgaggagcatAATCgtgtctcgatg,A0201,0.017899671808562927,0.054781285732382175,NT400-R1-1E4X,NT400-R2-1E4X,#67E8F9
277,tgaggagcatAGCGgtgtctcgatg,A0201,0.3536369546147004,-0.07510145524071878,NT400-R1-1E4X,NT400-R2-1E4X,#67E8F9
278,tgaggagcatAGCCgtgtctcgatg,A0201,0.2156236417204879,0.10041778610721833,NT400-R1-1E4X,NT400-R2-1E4X,#67E8F9
279,tgaggagcatAGGGgtgtctcgatg,A0201,0.1904807436224982,0.08401404129224173,NT400-R1-1E4X,NT400-R2-1E4X,#67E8F9
280,tgaggagcatAGGCgtgtctcgatg,A0201,0.15738198930905814,-0.10703364692309615,NT400-R1-1E4X,NT400-R2-1E4X,#67E8F9
281,tgaggagcatAGTGgtgtctcgatg,A0201,0.18326609004662678,-0.22400167419810507,NT400-R1-1E4X,NT400-R2-1E4X,#67E8F9
282,tgaggagcatAGTCgtgtctcgatg,A0201,0.21066993631190645,-0.3642388997453268,NT400-R1-1E4X,NT400-R2-1E4X,#67E8F9
283,tgaggagcatATCGgtgtctcgatg,A0201,0.11868677389582613,-0.14168665047489992,NT400-R1-1E4X,NT400-R2-1E4X,#67E8F9
284,tgaggagcatATCCgtgtctcgatg,A0201,0.2508853231676774,-0.057382222135969004,NT400-R1-1E4X,NT400-R2-1E4X,#67E8F9
285,tgaggagcatATGGgtgtctcgatg,A0201,0.4436466435764334,-0.16398832544637976,NT400-R1-1E4X,NT400-R2-1E4X,#67E8F9
286,tgaggagcatATGCgtgtctcgatg,A0201,0.17994081003063922,-0.06747927798738981,NT400-R1-1E4X,NT400-R2-1E4X,#67E8F9
287,tgaggagcatATTGgtgtctcgatg,A0201,0.09019780897157816,-0.40035632716149955,NT400-R1-1E4X,NT400-R2-1E4X,#67E8F9
288,tgaggagcatATTCgtgtctcgatg,A0201,0.04882682730665646,-0.1781738870863337,NT400-R1-1E4X,NT400-R2-1E4X,#67E8F9
289,tgaggagcatCACGgtgtctcgatg,A0201,0.22209412813970883,-0.06185449358104076,NT400-R1-1E4X,NT400-R2-1E4X,#67E8F9
290,tgaggagcatCACCgtgtctcgatg,A0201,0.06482601926326681,0.11846398286534007,NT400-R1-1E4X,NT400-R2-1E4X,#67E8F9
291,tgaggagcatCAGGgtgtctcgatg,A0201,0.1326609501741937,-0.05418389248315723,NT400-R1-1E4X,NT400-R2-1E4X,#67E8F9
292,tgaggagcatCAGCgtgtctcgatg,A0201,0.3528810232162743,0.2813854319308556,NT400-R1-1E4X,NT400-R2-1E4X,#67E8F9
293,tgaggagcatCATGgtgtctcgatg,A0201,0.10638227382257603,-0.23262345905521548,NT400-R1-1E4X,NT400-R2-1E4X,#67E8F9
294,tgaggagcatCATCgtgtctcgatg,A0201,0.20251479852249804,-0.12101540096136597,NT400-R1-1E4X,NT400-R2-1E4X,#67E8F9
295,tgaggagcatCGCGgtgtctcgatg,A0201,0.3318163792518104,-0.13730509241190267,NT400-R1-1E4X,NT400-R2-1E4X,#67E8F9
296,tgaggagcatCGCCgtgtctcgatg,A0201,0.23566102249195958,-0.26159960209455774,NT400-R1-1E4X,NT400-R2-1E4X,#67E8F9
297,tgaggagcatCGGGgtgtctcgatg,A0201,0.19154727570231803,-0.28010791919273537,NT400-R1-1E4X,NT400-R2-1E4X,#67E8F9
298,tgaggagcatCGGCgtgtctcgatg,A0201,-0.012615777188456901,0.23921258584218089,NT400-R1-1E4X,NT400-R2-1E4X,#67E8F9
299,tgaggagcatCGTGgtgtctcgatg,A0201,0.17061085600283546,-0.03964270498645069,NT400-R1-1E4X,NT400-R2-1E4X,#67E8F9
300,tgaggagcatCGTCgtgtctcgatg,A0201,0.09098815359575359,0.007805402488800258,NT400-R1-1E4X,NT400-R2-1E4X,#67E8F9
301,tgaggagcatCTCGgtgtctcgatg,A0201,0.07733335844526538,0.06826927601702844,NT400-R1-1E4X,NT400-R2-1E4X,#67E8F9
302,tgaggagcatCTCCgtgtctcgatg,A0201,0.09172346957027393,0.2304297404018662,NT400-R1-1E4X,NT400-R2-1E4X,#67E8F9
303,tgaggagcatCTGGgtgtctcgatg,A0201,0.1211801699781499,0.005203594607539678,NT400-R1-1E4X,NT400-R2-1E4X,#67E8F9
304,tgaggagcatCTGCgtgtctcgatg,A0201,0.2734877398296091,-0.08948454057272737,NT400-R1-1E4X,NT400-R2-1E4X,#67E8F9
305,tgaggagcatCTTGgtgtctcgatg,A0201,0.15140284586373073,-0.19093145968546854,NT400-R1-1E4X,NT400-R2-1E4X,#67E8F9
306,tgaggagcatCTTCgtgtctcgatg,A0201,0.15172238616896475,-0.22262634027346456,NT400-R1-1E4X,NT400-R2-1E4X,#67E8F9
307,tgaggagcatGACGgtgtctcgatg,A0201,0.24156989664519674,-0.05965480489337356,NT400-R1-1E4X,NT400-R2-1E4X,#67E8F9
308,tgaggagcatGACCgtgtctcgatg,A0201,0.22106641477169428,-0.11837944137369766,NT400-R1-1E4X,NT400-R2-1E4X,#67E8F9
309,tgaggagcatGAGGgtgtctcgatg,A0201,0.27546305027097573,0.005246169565959087,NT400-R1-1E4X,NT400-R2-1E4X,#67E8F9
310,tgaggagcatGAGCgtgtctcgatg,A0201,0.18015413375919892,-0.12423930183565228,NT400-R1-1E4X,NT400-R2-1E4X,#67E8F9
311,tgaggagcatGATGgtgtctcgatg,A0201,0.28049048530059323,-0.03555886633489472,NT400-R1-1E4X,NT400-R2-1E4X,#67E8F9
312,tgaggagcatGATCgtgtctcgatg,A0201,0.24483756786125668,-0.026635126503466736,NT400-R1-1E4X,NT400-R2-1E4X,#67E8F9
313,tgaggagcatGGCGgtgtctcgatg,A0201,0.3103401206121505,0.26570359260977827,NT400-R1-1E4X,NT400-R2-1E4X,#67E8F9
314,tgaggagcatGGCCgtgtctcgatg,A0201,0.1544969489336078,0.11201705443735191,NT400-R1-1E4X,NT400-R2-1E4X,#67E8F9
315,tgaggagcatGGGGgtgtctcgatg,A0201,0.17492168567819855,-0.10913822361872083,NT400-R1-1E4X,NT400-R2-1E4X,#67E8F9
316,tgaggagcatGGGCgtgtctcgatg,A0201,0.20768447740653695,-0.09698152885975167,NT400-R1-1E4X,NT400-R2-1E4X,#67E8F9
317,tgaggagcatGGTGgtgtctcgatg,A0201,0.2942211657175205,-0.04985620643759752,NT400-R1-1E4X,NT400-R2-1E4X,#67E8F9
318,tgaggagcatGGTCgtgtctcgatg,A0201,0.24582067126286727,-0.11803508942861933,NT400-R1-1E4X,NT400-R2-1E4X,#67E8F9
319,tgaggagcatGTCGgtgtctcgatg,A0201,0.27267056360986924,0.19547975964642336,NT400-R1-1E4X,NT400-R2-1E4X,#67E8F9
320,tgaggagcatGTCCgtgtctcgatg,A0201,0.19669191100509772,-0.08654210917435701,NT400-R1-1E4X,NT400-R2-1E4X,#67E8F9
321,tgaggagcatGTGGgtgtctcgatg,A0201,0.34027248928896914,-0.06469617415368722,NT400-R1-1E4X,NT400-R2-1E4X,#67E8F9
322,tgaggagcatGTGCgtgtctcgatg,A0201,0.13816800293918477,-0.062248440686720925,NT400-R1-1E4X,NT400-R2-1E4X,#67E8F9
323,tgaggagcatGTTGgtgtctcgatg,A0201,0.2444785868055501,-0.03735341448236971,NT400-R1-1E4X,NT400-R2-1E4X,#67E8F9
324,tgaggagcatGTTCgtgtctcgatg,A0201,0.22620403528646707,-0.2183164855445929,NT400-R1-1E4X,NT400-R2-1E4X,#67E8F9
325,aagtccagcacgcaaACAAaactgc,A0201-MART1,1.2652903797741617,1.1989810347263956,NT400-R1-1E4X,NT400-R2-1E4X,#7FA3FF
326,aagtccagcacgcaaACATaactgc,A0201-MART1,1.3461079073824889,1.1721809753826804,NT400-R1-1E4X,NT400-R2-1E4X,#7FA3FF
327,aagtccagcacgcaaACGAaactgc,A0201-MART1,1.6351633136433468,1.5456787730706192,NT400-R1-1E4X,NT400-R2-1E4X,#7FA3FF
328,aagtccagcacgcaaACGTaactgc,A0201-MART1,1.312798782571805,1.461133913868298,NT400-R1-1E4X,NT400-R2-1E4X,#7FA3FF
329,aagtccagcacgcaaACTAaactgc,A0201-MART1,1.2592593621424124,1.3067682877163567,NT400-R1-1E4X,NT400-R2-1E4X,#7FA3FF
330,aagtccagcacgcaaACTTaactgc,A0201-MART1,1.2972888084848142,1.2660574844615802,NT400-R1-1E4X,NT400-R2-1E4X,#7FA3FF
331,aagtccagcacgcaaAGAAaactgc,A0201-MART1,1.3460137134116754,1.2492052524704145,NT400-R1-1E4X,NT400-R2-1E4X,#7FA3FF
332,aagtccagcacgcaaAGATaactgc,A0201-MART1,1.1962234883116458,1.0729651638637068,NT400-R1-1E4X,NT400-R2-1E4X,#7FA3FF
333,aagtccagcacgcaaAGGAaactgc,A0201-MART1,1.2720392190950032,1.3347749744429658,NT400-R1-1E4X,NT400-R2-1E4X,#7FA3FF
334,aagtccagcacgcaaAGGTaactgc,A0201-MART1,1.3139155748359777,1.2077327034432566,NT400-R1-1E4X,NT400-R2-1E4X,#7FA3FF
335,aagtccagcacgcaaAGTAaactgc,A0201-MART1,1.3541085006365121,1.1938310172125388,NT400-R1-1E4X,NT400-R2-1E4X,#7FA3FF
336,aagtccagcacgcaaAGTTaactgc,A0201-MART1,1.287381761485256,1.2613865529523114,NT400-R1-1E4X,NT400-R2-1E4X,#7FA3FF
337,aagtccagcacgcaaATAAaactgc,A0201-MART1,1.2703139872798228,0.99538337192963,NT400-R1-1E4X,NT400-R2-1E4X,#7FA3FF
338,aagtccagcacgcaaATATaactgc,A0201-MART1,1.2935739867931766,0.9058946031347945,NT400-R1-1E4X,NT400-R2-1E4X,#7FA3FF
339,aagtccagcacgcaaATGAaactgc,A0201-MART1,1.1563682860064517,1.1121103663215375,NT400-R1-1E4X,NT400-R2-1E4X,#7FA3FF
340,aagtccagcacgcaaATGTaactgc,A0201-MART1,1.2333211007094147,1.3326714450750414,NT400-R1-1E4X,NT400-R2-1E4X,#7FA3FF
341,aagtccagcacgcaaATTAaactgc,A0201-MART1,1.3074285251922473,1.0995356735509143,NT400-R1-1E4X,NT400-R2-1E4X,#7FA3FF
342,aagtccagcacgcaaATTTaactgc,A0201-MART1,1.4153192481403756,1.3557915467536463,NT400-R1-1E4X,NT400-R2-1E4X,#7FA3FF
343,aagtccagcacgcaaCCAAaactgc,A0201-MART1,1.4844589002363233,1.4941090702700426,NT400-R1-1E4X,NT400-R2-1E4X,#7FA3FF
344,aagtccagcacgcaaCCATaactgc,A0201-MART1,1.3532544290812678,1.327196615803542,NT400-R1-1E4X,NT400-R2-1E4X,#7FA3FF
345,aagtccagcacgcaaCCGAaactgc,A0201-MART1,1.656782364218995,1.4245862262511013,NT400-R1-1E4X,NT400-R2-1E4X,#7FA3FF
346,aagtccagcacgcaaCCGTaactgc,A0201-MART1,1.385177063943874,1.3861003888015593,NT400-R1-1E4X,NT400-R2-1E4X,#7FA3FF
347,aagtccagcacgcaaCCTAaactgc,A0201-MART1,1.3090877491139377,1.2334376523614934,NT400-R1-1E4X,NT400-R2-1E4X,#7FA3FF
348,aagtccagcacgcaaCCTTaactgc,A0201-MART1,1.4067513019611197,1.266861185374307,NT400-R1-1E4X,NT400-R2-1E4X,#7FA3FF
349,aagtccagcacgcaaCGAAaactgc,A0201-MART1,1.7037322909834467,1.4881450475521132,NT400-R1-1E4X,NT400-R2-1E4X,#7FA3FF
350,aagtccagcacgcaaCGATaactgc,A0201-MART1,1.4764380439429872,1.3093280581077287,NT400-R1-1E4X,NT400-R2-1E4X,#7FA3FF
351,aagtccagcacgcaaCGGAaactgc,A0201-MART1,1.5299305113695216,1.436704237518631,NT400-R1-1E4X,NT400-R2-1E4X,#7FA3FF
352,aagtccagcacgcaaCGGTaactgc,A0201-MART1,1.5741483816377442,1.4124642114807402,NT400-R1-1E4X,NT400-R2-1E4X,#7FA3FF
353,aagtccagcacgcaaCGTAaactgc,A0201-MART1,1.4064096518761398,1.280541573333836,NT400-R1-1E4X,NT400-R2-1E4X,#7FA3FF
354,aagtccagcacgcaaCGTTaactgc,A0201-MART1,1.4350710365681392,1.518236386920343,NT400-R1-1E4X,NT400-R2-1E4X,#7FA3FF
355,aagtccagcacgcaaCTAAaactgc,A0201-MART1,1.4893169252373994,1.4499357072634338,NT400-R1-1E4X,NT400-R2-1E4X,#7FA3FF
356,aagtccagcacgcaaCTATaactgc,A0201-MART1,1.4685803751357633,1.3042341342375383,NT400-R1-1E4X,NT400-R2-1E4X,#7FA3FF
357,aagtccagcacgcaaCTGAaactgc,A0201-MART1,1.5981378894688893,1.4166910181313577,NT400-R1-1E4X,NT400-R2-1E4X,#7FA3FF
358,aagtccagcacgcaaCTGTaactgc,A0201-MART1,1.4150374992788437,1.3104171691336721,NT400-R1-1E4X,NT400-R2-1E4X,#7FA3FF
359,aagtccagcacgcaaCTTAaactgc,A0201-MART1,1.3869495818812008,1.3264216978862422,NT400-R1-1E4X,NT400-R2-1E4X,#7FA3FF
360,aagtccagcacgcaaCTTTaactgc,A0201-MART1,1.4017270456954656,1.4289554573237853,NT400-R1-1E4X,NT400-R2-1E4X,#7FA3FF
361,aagtccagcacgcaaTCAAaactgc,A0201-MART1,1.2481113547997935,1.2872819520804712,NT400-R1-1E4X,NT400-R2-1E4X,#7FA3FF
362,aagtccagcacgcaaTCATaactgc,A0201-MART1,1.313596820295408,1.164684996601509,NT400-R1-1E4X,NT400-R2-1E4X,#7FA3FF
363,aagtccagcacgcaaTCGAaactgc,A0201-MART1,1.4061410987904477,1.308728597132503,NT400-R1-1E4X,NT400-R2-1E4X,#7FA3FF
364,aagtccagcacgcaaTCGTaactgc,A0201-MART1,1.4554428017904422,1.4536664481399344,NT400-R1-1E4X,NT400-R2-1E4X,#7FA3FF
365,aagtccagcacgcaaTCTAaactgc,A0201-MART1,1.3523510154611154,1.3372197468399527,NT400-R1-1E4X,NT400-R2-1E4X,#7FA3FF
366,aagtccagcacgcaaTCTTaactgc,A0201-MART1,1.4266553349793643,1.2944186449734116,NT400-R1-1E4X,NT400-R2-1E4X,#7FA3FF
367,aagtccagcacgcaaTGAAaactgc,A0201-MART1,1.3701693820168421,1.3742447944469596,NT400-R1-1E4X,NT400-R2-1E4X,#7FA3FF
368,aagtccagcacgcaaTGATaactgc,A0201-MART1,1.5224815034598327,1.3314508690058688,NT400-R1-1E4X,NT400-R2-1E4X,#7FA3FF
369,aagtccagcacgcaaTGGAaactgc,A0201-MART1,1.5461988834598677,1.3228457425643658,NT400-R1-1E4X,NT400-R2-1E4X,#7FA3FF
370,aagtccagcacgcaaTGGTaactgc,A0201-MART1,1.372358832014172,1.3176305193505466,NT400-R1-1E4X,NT400-R2-1E4X,#7FA3FF
371,aagtccagcacgcaaTGTAaactgc,A0201-MART1,1.3129358099688657,1.1646238357035343,NT400-R1-1E4X,NT400-R2-1E4X,#7FA3FF
372,aagtccagcacgcaaTGTTaactgc,A0201-MART1,1.4019893715942098,1.3142401771640182,NT400-R1-1E4X,NT400-R2-1E4X,#7FA3FF
373,aagtccagcacgcaaTTAAaactgc,A0201-MART1,1.355711753880592,1.2914474884326008,NT400-R1-1E4X,NT400-R2-1E4X,#7FA3FF
374,aagtccagcacgcaaTTATaactgc,A0201-MART1,1.287243565686416,1.2049146244834927,NT400-R1-1E4X,NT400-R2-1E4X,#7FA3FF
375,aagtccagcacgcaaTTGAaactgc,A0201-MART1,1.3546167135935367,1.265536913036964,NT400-R1-1E4X,NT400-R2-1E4X,#7FA3FF
376,aagtccagcacgcaaTTGTaactgc,A0201-MART1,1.3751313959710763,1.1779599645468273,NT400-R1-1E4X,NT400-R2-1E4X,#7FA3FF
377,aagtccagcacgcaaTTTAaactgc,A0201-MART1,1.2612175727635613,1.089018307752381,NT400-R1-1E4X,NT400-R2-1E4X,#7FA3FF
378,aagtccagcacgcaaTTTTaactgc,A0201-MART1,1.2944221076091014,1.309068883573503,NT400-R1-1E4X,NT400-R2-1E4X,#7FA3FF
379,tgaggagcattcatgAAAAtcgatg,A0201-MART1,1.301169534720565,1.093694794961854,NT400-R1-1E4X,NT400-R2-1E4X,#7FA3FF
380,tgaggagcattcatgAAATtcgatg,A0201-MART1,1.2517877006590596,1.2093524343386632,NT400-R1-1E4X,NT400-R2-1E4X,#7FA3FF
381,tgaggagcattcatgAACAtcgatg,A0201-MART1,1.2695535992173348,1.071882028532466,NT400-R1-1E4X,NT400-R2-1E4X,#7FA3FF
382,tgaggagcattcatgAACTtcgatg,A0201-MART1,1.1985564248734264,1.0783191876412188,NT400-R1-1E4X,NT400-R2-1E4X,#7FA3FF
383,tgaggagcattcatgAAGAtcgatg,A0201-MART1,1.36542374436715,1.1383281565479735,NT400-R1-1E4X,NT400-R2-1E4X,#7FA3FF
384,tgaggagcattcatgAAGTtcgatg,A0201-MART1,1.3340497675995797,1.0901124196642886,NT400-R1-1E4X,NT400-R2-1E4X,#7FA3FF
385,tgaggagcattcatgACAAtcgatg,A0201-MART1,1.1277284377881047,1.0906581804101463,NT400-R1-1E4X,NT400-R2-1E4X,#7FA3FF
386,tgaggagcattcatgACATtcgatg,A0201-MART1,1.2655901107375505,1.0536290013438219,NT400-R1-1E4X,NT400-R2-1E4X,#7FA3FF
387,tgaggagcattcatgACCAtcgatg,A0201-MART1,1.4428262159643515,1.3207032228390672,NT400-R1-1E4X,NT400-R2-1E4X,#7FA3FF
388,tgaggagcattcatgACCTtcgatg,A0201-MART1,1.2739480659855404,1.0374314896072292,NT400-R1-1E4X,NT400-R2-1E4X,#7FA3FF
389,tgaggagcattcatgACGAtcgatg,A0201-MART1,1.527132583473042,1.3316131483172642,NT400-R1-1E4X,NT400-R2-1E4X,#7FA3FF
390,tgaggagcattcatgACGTtcgatg,A0201-MART1,1.3510561929052696,1.1824159456255094,NT400-R1-1E4X,NT400-R2-1E4X,#7FA3FF
391,tgaggagcattcatgATAAtcgatg,A0201-MART1,1.2335744261676016,0.9804860060870108,NT400-R1-1E4X,NT400-R2-1E4X,#7FA3FF
392,tgaggagcattcatgATATtcgatg,A0201-MART1,1.2196402133155786,1.0670381183917599,NT400-R1-1E4X,NT400-R2-1E4X,#7FA3FF
393,tgaggagcattcatgATCAtcgatg,A0201-MART1,1.5553699837140635,1.2981250703021556,NT400-R1-1E4X,NT400-R2-1E4X,#7FA3FF
394,tgaggagcattcatgATCTtcgatg,A0201-MART1,1.3562099146052675,1.1380803325965159,NT400-R1-1E4X,NT400-R2-1E4X,#7FA3FF
395,tgaggagcattcatgATGAtcgatg,A0201-MART1,1.3432888286640872,1.1400963267608757,NT400-R1-1E4X,NT400-R2-1E4X,#7FA3FF
396,tgaggagcattcatgATGTtcgatg,A0201-MART1,1.3124834944635735,1.1048057074741446,NT400-R1-1E4X,NT400-R2-1E4X,#7FA3FF
397,tgaggagcattcatgCAAAtcgatg,A0201-MART1,1.3044791241311453,1.0434860275036917,NT400-R1-1E4X,NT400-R2-1E4X,#7FA3FF
398,tgaggagcattcatgCAATtcgatg,A0201-MART1,1.2803383019213894,1.1153767826647079,NT400-R1-1E4X,NT400-R2-1E4X,#7FA3FF
399,tgaggagcattcatgCACAtcgatg,A0201-MART1,1.3333103633239005,1.2621413726632864,NT400-R1-1E4X,NT400-R2-1E4X,#7FA3FF
400,tgaggagcattcatgCACTtcgatg,A0201-MART1,1.3495447804318346,1.2854423835371738,NT400-R1-1E4X,NT400-R2-1E4X,#7FA3FF
401,tgaggagcattcatgCAGAtcgatg,A0201-MART1,1.2741590550167652,1.2402442972936545,NT400-R1-1E4X,NT400-R2-1E4X,#7FA3FF
402,tgaggagcattcatgCAGTtcgatg,A0201-MART1,1.3261108923419977,1.1351495668267322,NT400-R1-1E4X,NT400-R2-1E4X,#7FA3FF
403,tgaggagcattcatgCCAAtcgatg,A0201-MART1,1.3902549563218678,1.1268077031420347,NT400-R1-1E4X,NT400-R2-1E4X,#7FA3FF
404,tgaggagcattcatgCCATtcgatg,A0201-MART1,1.397405288372514,1.3306453119884714,NT400-R1-1E4X,NT400-R2-1E4X,#7FA3FF
405,tgaggagcattcatgCCCAtcgatg,A0201-MART1,1.5328956827670108,1.5123587517643162,NT400-R1-1E4X,NT400-R2-1E4X,#7FA3FF
406,tgaggagcattcatgCCCTtcgatg,A0201-MART1,1.7324412626154173,1.570776594477845,NT400-R1-1E4X,NT400-R2-1E4X,#7FA3FF
407,tgaggagcattcatgCCGAtcgatg,A0201-MART1,1.296961179370787,1.20024953829911,NT400-R1-1E4X,NT400-R2-1E4X,#7FA3FF
408,tgaggagcattcatgCCGTtcgatg,A0201-MART1,1.5292751258370638,1.3573470132556877,NT400-R1-1E4X,NT400-R2-1E4X,#7FA3FF
409,tgaggagcattcatgCTAAtcgatg,A0201-MART1,1.347564513306324,1.20778957272408,NT400-R1-1E4X,NT400-R2-1E4X,#7FA3FF
410,tgaggagcattcatgCTATtcgatg,A0201-MART1,1.2589810411253182,1.1754262284736825,NT400-R1-1E4X,NT400-R2-1E4X,#7FA3FF
411,tgaggagcattcatgCTCAtcgatg,A0201-MART1,1.3151672101539167,1.131529622705302,NT400-R1-1E4X,NT400-R2-1E4X,#7FA3FF
412,tgaggagcattcatgCTCTtcgatg,A0201-MART1,1.3532028002205456,1.1515038046216242,NT400-R1-1E4X,NT400-R2-1E4X,#7FA3FF
413,tgaggagcattcatgCTGAtcgatg,A0201-MART1,1.1260535030063967,1.0420352197972123,NT400-R1-1E4X,NT400-R2-1E4X,#7FA3FF
414,tgaggagcattcatgCTGTtcgatg,A0201-MART1,1.341999493792829,1.1937336579690596,NT400-R1-1E4X,NT400-R2-1E4X,#7FA3FF
415,tgaggagcattcatgGAAAtcgatg,A0201-MART1,1.2895657476760019,1.1610807551125277,NT400-R1-1E4X,NT400-R2-1E4X,#7FA3FF
416,tgaggagcattcatgGAATtcgatg,A0201-MART1,1.318839913099792,1.0520082874804073,NT400-R1-1E4X,NT400-R2-1E4X,#7FA3FF
417,tgaggagcattcatgGACAtcgatg,A0201-MART1,1.518361064936635,1.207059481163813,NT400-R1-1E4X,NT400-R2-1E4X,#7FA3FF
418,tgaggagcattcatgGACTtcgatg,A0201-MART1,1.4375027423286684,1.1581962832968469,NT400-R1-1E4X,NT400-R2-1E4X,#7FA3FF
419,tgaggagcattcatgGAGAtcgatg,A0201-MART1,1.226724842132481,1.0843825999708976,NT400-R1-1E4X,NT400-R2-1E4X,#7FA3FF
420,tgaggagcattcatgGAGTtcgatg,A0201-MART1,1.338955106448015,1.122193989523542,NT400-R1-1E4X,NT400-R2-1E4X,#7FA3FF
421,tgaggagcattcatgGCAAtcgatg,A0201-MART1,1.2345568698034046,1.1934846751118098,NT400-R1-1E4X,NT400-R2-1E4X,#7FA3FF
422,tgaggagcattcatgGCATtcgatg,A0201-MART1,1.2600531436084161,1.2145787583508267,NT400-R1-1E4X,NT400-R2-1E4X,#7FA3FF
423,tgaggagcattcatgGCCAtcgatg,A0201-MART1,1.6164121393462088,1.2554383071930364,NT400-R1-1E4X,NT400-R2-1E4X,#7FA3FF
424,tgaggagcattcatgGCCTtcgatg,A0201-MART1,1.1610753367699358,1.069749306689565,NT400-R1-1E4X,NT400-R2-1E4X,#7FA3FF
425,tgaggagcattcatgGCGAtcgatg,A0201-MART1,1.233161531113416,1.2122682040627406,NT400-R1-1E4X,NT400-R2-1E4X,#7FA3FF
426,tgaggagcattcatgGCGTtcgatg,A0201-MART1,1.3414476907971533,1.2162132833605457,NT400-R1-1E4X,NT400-R2-1E4X,#7FA3FF
427,tgaggagcattcatgGTAAtcgatg,A0201-MART1,1.1984419518024338,1.1340671178319357,NT400-R1-1E4X,NT400-R2-1E4X,#7FA3FF
428,tgaggagcattcatgGTATtcgatg,A0201-MART1,1.2432981877725315,0.9772400970001447,NT400-R1-1E4X,NT400-R2-1E4X,#7FA3FF
429,tgaggagcattcatgGTCAtcgatg,A0201-MART1,1.4777045243349547,1.235066622509602,NT400-R1-1E4X,NT400-R2-1E4X,#7FA3FF
430,tgaggagcattcatgGTCTtcgatg,A0201-MART1,1.4043545532012878,1.257870781284679,NT400-R1-1E4X,NT400-R2-1E4X,#7FA3FF
431,tgaggagcattcatgGTGAtcgatg,A0201-MART1,1.12075215946061,1.0114047632722494,NT400-R1-1E4X,NT400-R2-1E4X,#7FA3FF
432,tgaggagcattcatgGTGTtcgatg,A0201-MART1,1.1979243094352419,1.0938437872227573,NT400-R1-1E4X,NT400-R2-1E4X,#7FA3FF
433,aagtccagcacgcaagacgaCAAAc,A0201-NYESO1,0.5529012914888576,0.1856923173006289,NT400-R1-1E4X,NT400-R2-1E4X,#FDBA74
434,aagtccagcacgcaagacgaCAATc,A0201-NYESO1,0.32512343404716904,0.38758752099382254,NT400-R1-1E4X,NT400-R2-1E4X,#FDBA74
435,aagtccagcacgcaagacgaCACAc,A0201-NYESO1,0.13832815654797342,0.053439258961460415,NT400-R1-1E4X,NT400-R2-1E4X,#FDBA74
436,aagtccagcacgcaagacgaCACTc,A0201-NYESO1,0.3590810933048283,0.05278741435943534,NT400-R1-1E4X,NT400-R2-1E4X,#FDBA74
437,aagtccagcacgcaagacgaCAGAc,A0201-NYESO1,0.3563615919512362,0.1298802825469098,NT400-R1-1E4X,NT400-R2-1E4X,#FDBA74
438,aagtccagcacgcaagacgaCAGTc,A0201-NYESO1,0.27787291480942683,0.005413496186364215,NT400-R1-1E4X,NT400-R2-1E4X,#FDBA74
439,aagtccagcacgcaagacgaCGAAc,A0201-NYESO1,0.2824633401908649,0.03114869857066415,NT400-R1-1E4X,NT400-R2-1E4X,#FDBA74
440,aagtccagcacgcaagacgaCGATc,A0201-NYESO1,0.17623877537451452,-0.06057544024308898,NT400-R1-1E4X,NT400-R2-1E4X,#FDBA74
441,aagtccagcacgcaagacgaCGCAc,A0201-NYESO1,0.36789171965290296,0.20538418977307366,NT400-R1-1E4X,NT400-R2-1E4X,#FDBA74
442,aagtccagcacgcaagacgaCGCTc,A0201-NYESO1,0.28121442189881485,-0.06413033741971558,NT400-R1-1E4X,NT400-R2-1E4X,#FDBA74
443,aagtccagcacgcaagacgaCGGAc,A0201-NYESO1,0.31048156823625406,0.22864327617979288,NT400-R1-1E4X,NT400-R2-1E4X,#FDBA74
444,aagtccagcacgcaagacgaCGGTc,A0201-NYESO1,0.4004453036621605,-0.06725975354830274,NT400-R1-1E4X,NT400-R2-1E4X,#FDBA74
445,aagtccagcacgcaagacgaCTAAc,A0201-NYESO1,0.3059865510183408,0.05825939797239554,NT400-R1-1E4X,NT400-R2-1E4X,#FDBA74
446,aagtccagcacgcaagacgaCTATc,A0201-NYESO1,0.17608968096212022,-0.08435693038251788,NT400-R1-1E4X,NT400-R2-1E4X,#FDBA74
447,aagtccagcacgcaagacgaCTCAc,A0201-NYESO1,0.37628401383658294,0.14910652993475806,NT400-R1-1E4X,NT400-R2-1E4X,#FDBA74
448,aagtccagcacgcaagacgaCTCTc,A0201-NYESO1,0.3353209248142618,0.06575444548371424,NT400-R1-1E4X,NT400-R2-1E4X,#FDBA74
449,aagtccagcacgcaagacgaCTGAc,A0201-NYESO1,0.47614901358223094,0.2459792416540638,NT400-R1-1E4X,NT400-R2-1E4X,#FDBA74
450,aagtccagcacgcaagacgaCTGTc,A0201-NYESO1,0.1847956346787964,0.02300997804650047,NT400-R1-1E4X,NT400-R2-1E4X,#FDBA74
451,aagtccagcacgcaagacgaGAAAc,A0201-NYESO1,0.27753397552890896,0.012801282223089632,NT400-R1-1E4X,NT400-R2-1E4X,#FDBA74
452,aagtccagcacgcaagacgaGAATc,A0201-NYESO1,0.2658940599730344,-0.04358926854768275,NT400-R1-1E4X,NT400-R2-1E4X,#FDBA74
453,aagtccagcacgcaagacgaGACAc,A0201-NYESO1,0.2861709046317284,0.49680535509200463,NT400-R1-1E4X,NT400-R2-1E4X,#FDBA74
454,aagtccagcacgcaagacgaGACTc,A0201-NYESO1,0.32256772914341253,0.3504345225763566,NT400-R1-1E4X,NT400-R2-1E4X,#FDBA74
455,aagtccagcacgcaagacgaGAGAc,A0201-NYESO1,0.27258733722294065,0.18732205167684704,NT400-R1-1E4X,NT400-R2-1E4X,#FDBA74
456,aagtccagcacgcaagacgaGAGTc,A0201-NYESO1,0.20170571032133183,0.022952450671623756,NT400-R1-1E4X,NT400-R2-1E4X,#FDBA74
457,aagtccagcacgcaagacgaGGAAc,A0201-NYESO1,0.24123502754844506,0.13777170760439034,NT400-R1-1E4X,NT400-R2-1E4X,#FDBA74
458,aagtccagcacgcaagacgaGGATc,A0201-NYESO1,0.46021363783119756,0.2675685598888018,NT400-R1-1E4X,NT400-R2-1E4X,#FDBA74
459,aagtccagcacgcaagacgaGGCAc,A0201-NYESO1,0.2749917809664557,0.12383658354398334,NT400-R1-1E4X,NT400-R2-1E4X,#FDBA74
460,aagtccagcacgcaagacgaGGCTc,A0201-NYESO1,0.2711038358096797,-0.0980501456617519,NT400-R1-1E4X,NT400-R2-1E4X,#FDBA74
461,aagtccagcacgcaagacgaGGGAc,A0201-NYESO1,0.3268773108590957,0.052334617846737735,NT400-R1-1E4X,NT400-R2-1E4X,#FDBA74
462,aagtccagcacgcaagacgaGGGTc,A0201-NYESO1,0.19742380056564468,0.14557468738859275,NT400-R1-1E4X,NT400-R2-1E4X,#FDBA74
463,aagtccagcacgcaagacgaGTAAc,A0201-NYESO1,0.2451730122989421,-0.1552342147080631,NT400-R1-1E4X,NT400-R2-1E4X,#FDBA74
464,aagtccagcacgcaagacgaGTATc,A0201-NYESO1,0.266110217726596,-0.01519529011339949,NT400-R1-1E4X,NT400-R2-1E4X,#FDBA74
465,aagtccagcacgcaagacgaGTCAc,A0201-NYESO1,0.4126083102205146,0.11741762798937111,NT400-R1-1E4X,NT400-R2-1E4X,#FDBA74
466,aagtccagcacgcaagacgaGTCTc,A0201-NYESO1,0.2578310872210503,0.1178724341130039,NT400-R1-1E4X,NT400-R2-1E4X,#FDBA74
467,aagtccagcacgcaagacgaGTGAc,A0201-NYESO1,0.22145530208239456,0.12853337024538244,NT400-R1-1E4X,NT400-R2-1E4X,#FDBA74
468,aagtccagcacgcaagacgaGTGTc,A0201-NYESO1,0.3688463975492173,-0.0051555565557926605,NT400-R1-1E4X,NT400-R2-1E4X,#FDBA74
469,aagtccagcacgcaagacgaTAAAc,A0201-NYESO1,0.23480072510484973,-0.01122725542325414,NT400-R1-1E4X,NT400-R2-1E4X,#FDBA74
470,aagtccagcacgcaagacgaTAATc,A0201-NYESO1,0.189320599730799,0.026323587168117425,NT400-R1-1E4X,NT400-R2-1E4X,#FDBA74
471,aagtccagcacgcaagacgaTACAc,A0201-NYESO1,0.24536575774078725,0.026766909562785535,NT400-R1-1E4X,NT400-R2-1E4X,#FDBA74
472,aagtccagcacgcaagacgaTACTc,A0201-NYESO1,0.25384523437913326,0.19023858023530066,NT400-R1-1E4X,NT400-R2-1E4X,#FDBA74
473,aagtccagcacgcaagacgaTAGAc,A0201-NYESO1,0.022900402110078828,0.0023064673831690087,NT400-R1-1E4X,NT400-R2-1E4X,#FDBA74
474,aagtccagcacgcaagacgaTAGTc,A0201-NYESO1,0.3028473533216575,-0.010569241710187294,NT400-R1-1E4X,NT400-R2-1E4X,#FDBA74
475,aagtccagcacgcaagacgaTGAAc,A0201-NYESO1,0.3213205164235965,0.13197065008110676,NT400-R1-1E4X,NT400-R2-1E4X,#FDBA74
476,aagtccagcacgcaagacgaTGATc,A0201-NYESO1,0.33788458098970914,0.19790451179896354,NT400-R1-1E4X,NT400-R2-1E4X,#FDBA74
477,aagtccagcacgcaagacgaTGCAc,A0201-NYESO1,0.27296694104505353,0.16109401733257406,NT400-R1-1E4X,NT400-R2-1E4X,#FDBA74
478,aagtccagcacgcaagacgaTGCTc,A0201-NYESO1,0.4194239272273938,0.2917413742884862,NT400-R1-1E4X,NT400-R2-1E4X,#FDBA74
479,aagtccagcacgcaagacgaTGGAc,A0201-NYESO1,0.22655845091600121,0.0380437036673672,NT400-R1-1E4X,NT400-R2-1E4X,#FDBA74
480,aagtccagcacgcaagacgaTGGTc,A0201-NYESO1,0.15218341905504534,0.08831123588866045,NT400-R1-1E4X,NT400-R2-1E4X,#FDBA74
481,aagtccagcacgcaagacgaTTAAc,A0201-NYESO1,0.4002226208641066,-0.3124224327959573,NT400-R1-1E4X,NT400-R2-1E4X,#FDBA74
482,aagtccagcacgcaagacgaTTATc,A0201-NYESO1,0.20927692154618963,-0.1512779388477827,NT400-R1-1E4X,NT400-R2-1E4X,#FDBA74
483,aagtccagcacgcaagacgaTTCAc,A0201-NYESO1,0.3168295343187384,0.14336417517117744,NT400-R1-1E4X,NT400-R2-1E4X,#FDBA74
484,aagtccagcacgcaagacgaTTCTc,A0201-NYESO1,0.3554806545983888,-0.1269342820397476,NT400-R1-1E4X,NT400-R2-1E4X,#FDBA74
485,aagtccagcacgcaagacgaTTGAc,A0201-NYESO1,0.275567426237111,0.22503230320915213,NT400-R1-1E4X,NT400-R2-1E4X,#FDBA74
486,aagtccagcacgcaagacgaTTGTc,A0201-NYESO1,0.3165748603931557,0.29604946306175695,NT400-R1-1E4X,NT400-R2-1E4X,#FDBA74
487,tgaggagcattcatgtgtctAACGg,A0201-NYESO1,0.3214347814816705,0.009831009359693797,NT400-R1-1E4X,NT400-R2-1E4X,#FDBA74
488,tgaggagcattcatgtgtctAACCg,A0201-NYESO1,0.08456429525847275,-0.08580715367027064,NT400-R1-1E4X,NT400-R2-1E4X,#FDBA74
489,tgaggagcattcatgtgtctAAGGg,A0201-NYESO1,-0.06670040120751751,-0.15264701001047687,NT400-R1-1E4X,NT400-R2-1E4X,#FDBA74
490,tgaggagcattcatgtgtctAAGCg,A0201-NYESO1,0.3164736647952542,-0.11075913145389472,NT400-R1-1E4X,NT400-R2-1E4X,#FDBA74
491,tgaggagcattcatgtgtctAATGg,A0201-NYESO1,-0.11231427827221707,-0.6730934109998211,NT400-R1-1E4X,NT400-R2-1E4X,#FDBA74
492,tgaggagcattcatgtgtctAATCg,A0201-NYESO1,0.06041724132403267,-0.3727162048015382,NT400-R1-1E4X,NT400-R2-1E4X,#FDBA74
493,tgaggagcattcatgtgtctACCGg,A0201-NYESO1,0.01111909196357353,-0.3345403708094885,NT400-R1-1E4X,NT400-R2-1E4X,#FDBA74
494,tgaggagcattcatgtgtctACCCg,A0201-NYESO1,-0.030502088397344033,-0.049117766564690975,NT400-R1-1E4X,NT400-R2-1E4X,#FDBA74
495,tgaggagcattcatgtgtctACGGg,A0201-NYESO1,0.15105488766600125,-0.08190468306424765,NT400-R1-1E4X,NT400-R2-1E4X,#FDBA74
496,tgaggagcattcatgtgtctACGCg,A0201-NYESO1,0.21359547309928892,-0.24473358909085005,NT400-R1-1E4X,NT400-R2-1E4X,#FDBA74
497,tgaggagcattcatgtgtctACTGg,A0201-NYESO1,0.05729322504750976,-0.2134482200853989,NT400-R1-1E4X,NT400-R2-1E4X,#FDBA74
498,tgaggagcattcatgtgtctACTCg,A0201-NYESO1,0.1737366153923314,-0.2148978847895236,NT400-R1-1E4X,NT400-R2-1E4X,#FDBA74
499,tgaggagcattcatgtgtctATCGg,A0201-NYESO1,0.1956064783135031,-0.2853404609785939,NT400-R1-1E4X,NT400-R2-1E4X,#FDBA74
500,tgaggagcattcatgtgtctATCCg,A0201-NYESO1,0.058416686225322076,-0.2073683306245065,NT400-R1-1E4X,NT400-R2-1E4X,#FDBA74
501,tgaggagcattcatgtgtctATGGg,A0201-NYESO1,-0.01809856223889123,-0.2581608647468267,NT400-R1-1E4X,NT400-R2-1E4X,#FDBA74
502,tgaggagcattcatgtgtctATGCg,A0201-NYESO1,0.15317363715298785,-0.2895066171949848,NT400-R1-1E4X,NT400-R2-1E4X,#FDBA74
503,tgaggagcattcatgtgtctATTGg,A0201-NYESO1,-0.19200714070410443,-0.4993399996358553,NT400-R1-1E4X,NT400-R2-1E4X,#FDBA74
504,tgaggagcattcatgtgtctATTCg,A0201-NYESO1,0.0059554059423510735,-0.12946952008540963,NT400-R1-1E4X,NT400-R2-1E4X,#FDBA74
505,tgaggagcattcatgtgtctGACGg,A0201-NYESO1,0.4826484054335213,0.10309349296410372,NT400-R1-1E4X,NT400-R2-1E4X,#FDBA74
506,tgaggagcattcatgtgtctGACCg,A0201-NYESO1,-0.038819248890528166,-0.021437170662291644,NT400-R1-1E4X,NT400-R2-1E4X,#FDBA74
507,tgaggagcattcatgtgtctGAGGg,A0201-NYESO1,0.15790541920323167,-0.18332084111401398,NT400-R1-1E4X,NT400-R2-1E4X,#FDBA74
508,tgaggagcattcatgtgtctGAGCg,A0201-NYESO1,-0.43937945965080527,-0.35859680493475915,NT400-R1-1E4X,NT400-R2-1E4X,#FDBA74
509,tgaggagcattcatgtgtctGATGg,A0201-NYESO1,0.14980340552153906,-0.31346067348264217,NT400-R1-1E4X,NT400-R2-1E4X,#FDBA74
510,tgaggagcattcatgtgtctGATCg,A0201-NYESO1,0.03190924795474395,-0.3358225365457432,NT400-R1-1E4X,NT400-R2-1E4X,#FDBA74
511,tgaggagcattcatgtgtctGCCGg,A0201-NYESO1,0.32231638584405664,0.15277957088084912,NT400-R1-1E4X,NT400-R2-1E4X,#FDBA74
512,tgaggagcattcatgtgtctGCCCg,A0201-NYESO1,0.12274306471223972,0.07858873510600267,NT400-R1-1E4X,NT400-R2-1E4X,#FDBA74
513,tgaggagcattcatgtgtctGCGGg,A0201-NYESO1,0.2760753303977095,-0.16929126761227176,NT400-R1-1E4X,NT400-R2-1E4X,#FDBA74
514,tgaggagcattcatgtgtctGCGCg,A0201-NYESO1,0.08766731932323339,0.1579008570259493,NT400-R1-1E4X,NT400-R2-1E4X,#FDBA74
515,tgaggagcattcatgtgtctGCTGg,A0201-NYESO1,0.11993686561063566,-0.22034670453221492,NT400-R1-1E4X,NT400-R2-1E4X,#FDBA74
516,tgaggagcattcatgtgtctGCTCg,A0201-NYESO1,0.20344883557378765,0.16956794289801014,NT400-R1-1E4X,NT400-R2-1E4X,#FDBA74
517,tgaggagcattcatgtgtctGTCGg,A0201-NYESO1,0.3428877135230085,0.0026041433801578225,NT400-R1-1E4X,NT400-R2-1E4X,#FDBA74
518,tgaggagcattcatgtgtctGTCCg,A0201-NYESO1,-0.07837650942161484,-0.029466908940668488,NT400-R1-1E4X,NT400-R2-1E4X,#FDBA74
519,tgaggagcattcatgtgtctGTGGg,A0201-NYESO1,0.2396245510487886,0.13382161182154295,NT400-R1-1E4X,NT400-R2-1E4X,#FDBA74
520,tgaggagcattcatgtgtctGTGCg,A0201-NYESO1,-0.1328356827070922,-0.5650629432834513,NT400-R1-1E4X,NT400-R2-1E4X,#FDBA74
521,tgaggagcattcatgtgtctGTTGg,A0201-NYESO1,0.09905081552555121,-0.2641983389674299,NT400-R1-1E4X,NT400-R2-1E4X,#FDBA74
522,tgaggagcattcatgtgtctGTTCg,A0201-NYESO1,0.07277987531639198,-0.3255213596113707,NT400-R1-1E4X,NT400-R2-1E4X,#FDBA74
523,tgaggagcattcatgtgtctTACGg,A0201-NYESO1,0.17131135137207318,-0.06194339226837762,NT400-R1-1E4X,NT400-R2-1E4X,#FDBA74
524,tgaggagcattcatgtgtctTACCg,A0201-NYESO1,-0.24593841201048644,-0.4224878037640507,NT400-R1-1E4X,NT400-R2-1E4X,#FDBA74
525,tgaggagcattcatgtgtctTAGGg,A0201-NYESO1,0.002245440205644109,-0.20878638573321112,NT400-R1-1E4X,NT400-R2-1E4X,#FDBA74
526,tgaggagcattcatgtgtctTAGCg,A0201-NYESO1,-0.09733494205942551,-0.21672367124975592,NT400-R1-1E4X,NT400-R2-1E4X,#FDBA74
527,tgaggagcattcatgtgtctTATGg,A0201-NYESO1,-0.17597062063101196,-0.6619870248592705,NT400-R1-1E4X,NT400-R2-1E4X,#FDBA74
528,tgaggagcattcatgtgtctTATCg,A0201-NYESO1,0.07045419873117101,-0.15822259697122706,NT400-R1-1E4X,NT400-R2-1E4X,#FDBA74
529,tgaggagcattcatgtgtctTCCGg,A0201-NYESO1,0.19485339773816623,-0.12167855658825244,NT400-R1-1E4X,NT400-R2-1E4X,#FDBA74
530,tgaggagcattcatgtgtctTCCCg,A0201-NYESO1,-0.18730175686808606,-0.18730175686808606,NT400-R1-1E4X,NT400-R2-1E4X,#FDBA74
531,tgaggagcattcatgtgtctTCGGg,A0201-NYESO1,0.06140054466414327,-0.21112531014694821,NT400-R1-1E4X,NT400-R2-1E4X,#FDBA74
532,tgaggagcattcatgtgtctTCGCg,A0201-NYESO1,0.37914382967966126,0.07019358879050884,NT400-R1-1E4X,NT400-R2-1E4X,#FDBA74
533,tgaggagcattcatgtgtctTCTGg,A0201-NYESO1,0.07305175205022797,-0.17206074578630348,NT400-R1-1E4X,NT400-R2-1E4X,#FDBA74
534,tgaggagcattcatgtgtctTCTCg,A0201-NYESO1,0.14071563235617368,-0.16157978448504132,NT400-R1-1E4X,NT400-R2-1E4X,#FDBA74
535,tgaggagcattcatgtgtctTTCGg,A0201-NYESO1,0.0967171845791225,-0.27329639001372585,NT400-R1-1E4X,NT400-R2-1E4X,#FDBA74
536,tgaggagcattcatgtgtctTTCCg,A0201-NYESO1,-0.009378332315861222,-0.19665690050844162,NT400-R1-1E4X,NT400-R2-1E4X,#FDBA74
537,tgaggagcattcatgtgtctTTGGg,A0201-NYESO1,0.1535452582534555,-0.28636690966441763,NT400-R1-1E4X,NT400-R2-1E4X,#FDBA74
538,tgaggagcattcatgtgtctTTGCg,A0201-NYESO1,0.0746049360044079,-0.12479836364167399,NT400-R1-1E4X,NT400-R2-1E4X,#FDBA74
539,tgaggagcattcatgtgtctTTTGg,A0201-NYESO1,-0.025995208532944573,-0.22239242133644802,NT400-R1-1E4X,NT400-R2-1E4X,#FDBA74
540,tgaggagcattcatgtgtctTTTCg,A0201-NYESO1,0.16266744730402338,-0.13657305287544402,NT400-R1-1E4X,NT400-R2-1E4X,#FDBA74
