Gene,GeneID,Transcript,MLE_sgRNA,MLE_beta,MLE_z,MLE_p-value,MLE_fdr,MLE_S_sgRNA,MLE_B_beta,MLE_B_z,MLE_B_p-value,MLE_B_fdr,MLE_C_beta,MLE_C_z,MLE_C_p-value,MLE_C_fdr,B_lfc,B_neg_p-value,B_neg_fdr,B_neg_rank,B_neg_goodsgrna,B_pos_p-value,B_pos_fdr,B_pos_rank,B_pos_goodsgrna,C_lfc,C_neg_p-value,C_neg_fdr,C_neg_rank,C_neg_goodsgrna,C_pos_p-value,C_pos_fdr,C_pos_rank,C_pos_goodsgrna,DepMap,Surfaceome,Gene_clean,Category
PREB,10113,P1P2,3,-2.0983,-4.4009,0,0,3,-2.2123,-4.0089,0,0,-1.9717,-3.5714,0,0,-3.0328,6.5995e-7,4.13e-4,33,3,1,1,22472,0,-3.0883,9.0193e-6,0.003327,61,3,1,1,22445,0,-1.274813551853624,nonsurface,PREB,neg_sig
SNRPD2,6633,P1P2,3,-1.8009,-3.9692,0,0,3,-1.8794,-3.3762,0,0,-1.691,-3.0374,0,0,-3.106,2.0458e-5,0.005755,80,3,0.99999,1,22429,0,-2.6301,8.4693e-5,0.017813,107,3,0.99998,1,22405,0,-2.6352133910696165,NA,SNRPD2,neg_sig
SNRPF,6636,P1P2,3,-1.936,-4.1647,0,0,3,-1.9019,-3.1366,0,0,-1.9213,-3.1529,0,0,-2.9419,3.5857e-5,0.008406,96,3,0.99999,1,22414,0,-2.7176,1.6433e-4,0.029584,125,3,0.99995,1,22389,0,-4.0152313364791095,NA,SNRPF,neg_sig
GOSR2,9570,P1P2,3,-1.9142,-4.1427,0,0,3,-1.9956,-3.6984,0,0,-1.8256,-3.3754,0,0,-2.9273,6.5995e-7,4.13e-4,35,3,1,1,22470,0,-2.5649,1.0999e-6,6.69e-4,35,3,1,1,22470,0,-0.92752568870319,nonsurface,GOSR2,neg_sig
TRAPPC8,22878,P1P2,3,-1.8057,-3.8831,0,0,3,-1.5722,-2.9781,0,0,-2.1105,-3.9929,0,0,-2.3243,6.5995e-7,4.13e-4,30,3,1,1,22475,0,-3.0698,2.1998e-7,1.98e-4,18,3,1,1,22487,0,-1.2870690582736963,NA,TRAPPC8,neg_sig
BET1,10282,P1P2,3,-1.7283,-3.9885,0,0,3,-1.7242,-3.225,0,0,-1.7149,-3.2019,0,0,-2.6354,1.9798e-6,0.001061,42,3,1,1,22463,0,-2.4826,1.0999e-6,6.69e-4,37,3,1,1,22468,0,-0.252484052541733,nonsurface,BET1,neg_sig
TRAPPC4,51399,P1P2,3,-1.7401,-3.9874,0,0,3,-1.8832,-3.5762,0,0,-1.5819,-3.0039,0,0,-2.667,2.1998e-7,1.77e-4,9,3,1,1,22496,0,-2.3355,2.1998e-7,1.98e-4,14,3,1,1,22491,0,-0.6787184363073011,NA,TRAPPC4,neg_sig
USP30,84749,P1P2,3,-1.5705,-3.7574,0,0,3,-1.5257,-3.1263,0,0,-1.6098,-3.297,0,0,-2.2113,2.1998e-7,1.77e-4,5,3,1,1,22500,0,-2.4955,2.1998e-7,1.98e-4,4,3,1,1,22501,0,-0.1995648398066726,nonsurface,USP30,neg_sig
TRAPPC3,27095,P1P2,3,-1.6229,-3.8459,0,0,3,-1.6742,-3.4871,0,0,-1.5652,-3.2571,0,0,-2.4077,6.5995e-7,4.13e-4,34,3,1,1,22471,0,-2.2525,9.0193e-6,0.003327,60,3,1,1,22446,0,-1.860646816417929,NA,TRAPPC3,neg_sig
USO1,8615,P1P2,3,-1.4649,-3.4517,0,0,3,-1.5593,-3.1425,0,0,-1.3782,-2.7758,0,0,-2.4863,1.6499e-5,0.005016,73,3,0.99968,1,22313,0,-1.9604,3.1898e-5,0.009086,79,3,0.9999,1,22369,0,NA,NA,USO1,neg_sig
CNTROB,116840,P1P2,3,-1.5462,-3.7495,0,0,3,-1.6098,-3.2165,0,0,-1.4823,-2.961,0,0,-2.2783,2.1998e-7,1.77e-4,14,3,1,1,22491,0,-2.0645,2.1998e-7,1.98e-4,20,3,1,1,22485,0,0.1077502878003994,NA,CNTROB,neg_sig
SEC23B,10483,P1P2,3,-1.4508,-3.6567,0,0,3,-1.4383,-3.0102,0,0,-1.46,-3.0547,0,0,-2.087,2.1998e-7,1.77e-4,16,3,1,1,22489,0,-2.1941,2.1998e-7,1.98e-4,17,3,1,1,22488,0,-0.0641840278074739,NA,SEC23B,neg_sig
KIAA0947,23379,P1P2,3,-1.5291,-3.7613,0,0,3,-1.53,-3.1586,0,0,-1.5136,-3.1233,0,0,-2.0595,6.5995e-7,4.13e-4,36,3,1,1,22469,0,-2.1772,8.7993e-7,6.19e-4,32,3,1,1,22473,0,-0.6017814694095931,NA,KIAA0947,neg_sig
KCTD3,51133,P1P2,3,-1.2419,-3.0807,0,0,3,-1.2465,-2.5833,0,0,-1.2183,-2.5241,4.4789e-5,0.010417,-1.9399,5.9395e-6,0.002621,51,3,1,1,22454,0,-2.2436,1.1769e-4,0.023438,113,3,0.99997,1,22400,0,0.2486254738141265,NA,KCTD3,neg_sig
TMC7,79905,P1P2,3,-1.2006,-2.479,4.4789e-5,0.006135,3,-1.2266,-2.1023,0,0,-1.1881,-2.0156,4.4789e-5,0.010417,-1.9663,1.2979e-5,0.004359,67,3,0.95383,1,20649,0,-2.1459,9.8992e-6,0.003481,64,3,0.99918,1,22261,0,-0.0165159342823684,surface,TMC7,neg_sig
C9orf170,401535,P1P2,3,-1.3788,-3.5577,0,0,3,-1.3197,-2.9207,0,0,-1.4374,-3.1811,0,0,-1.919,2.1998e-7,1.77e-4,3,3,1,1,22502,0,-2.154,2.1998e-7,1.98e-4,3,3,1,1,22502,0,NA,NA,C9orf170,neg_sig
ZKSCAN1,7586,P1P2,3,-1.376,-3.4448,0,0,3,-1.2997,-2.9428,0,0,-1.4664,-3.319,0,0,-1.9345,5.4996e-6,0.002475,50,3,1,1,22455,0,-2.1215,6.5995e-7,4.79e-4,29,3,1,1,22476,0,0.0287309697923731,NA,ZKSCAN1,neg_sig
TRAPPC1,58485,P1P2,3,-1.3897,-3.4221,0,0,3,-1.469,-2.9524,0,0,-1.334,-2.681,4.4789e-5,0.010417,-2.0653,6.5995e-7,4.13e-4,32,3,1,1,22473,0,-1.9763,2.8598e-6,0.00143,45,3,1,1,22460,0,-1.0177298495039406,NA,TRAPPC1,neg_sig
ARHGEF35,445328,ENST00000378115.2,3,-1.3596,-3.5163,0,0,3,-1.3324,-2.8081,0,0,-1.3922,-2.9273,0,0,-2.0455,2.5738e-5,0.006735,86,3,0.99999,1,22425,0,-1.9636,3.4097e-5,0.009592,80,3,0.99999,1,22430,0,0.0995893742548422,NA,ARHGEF35,neg_sig
NDUFA1,4694,P1P2,3,-1.3851,-3.4394,0,0,3,-1.4683,-3.1423,0,0,-1.3051,-2.7925,4.4789e-5,0.010417,-1.9267,6.5995e-7,4.13e-4,29,3,1,1,22476,0,-2.0314,1.0999e-6,6.69e-4,36,3,1,1,22469,0,-0.3335392655273122,nonsurface,NDUFA1,neg_sig
SPCS2,9789,P1P2,3,-1.4106,-3.4953,0,0,3,-1.3739,-3.0123,0,0,-1.4314,-3.1375,0,0,-1.8781,2.1998e-7,1.77e-4,4,3,1,1,22501,0,-2.0793,2.1998e-7,1.98e-4,5,3,1,1,22500,0,-0.8897615554448224,nonsurface,SPCS2,neg_sig
STX18,53407,P1P2,3,-1.4322,-3.4831,0,0,3,-1.4349,-3.0095,0,0,-1.4396,-3.01,0,0,-1.8361,3.7397e-6,0.00187,45,3,1,1,22460,0,-2.119,3.7177e-5,0.010199,82,3,0.99999,1,22429,0,-0.9231284279327556,nonsurface,STX18,neg_sig
GTF3A,2971,P1P2,3,-1.4139,-1.9289,0,0,3,-1.4283,-1.1612,0,0,-1.3886,-1.129,0,0,-1.9533,2.6178e-5,0.006771,87,2,0.80849,1,17167,0,-1.907,3.6297e-5,0.010084,81,2,0.82555,1,17565,0,-0.6884187843936718,NA,GTF3A,neg_sig
RPH3AL,9501,P1P2,3,-1.2687,-3.3676,0,0,3,-1.2189,-2.7444,0,0,-1.3212,-2.9738,4.4789e-5,0.010417,-1.9145,2.1998e-7,1.77e-4,11,3,1,1,22494,0,-1.9373,2.1998e-7,1.98e-4,13,3,1,1,22492,0,-0.0965903904139983,NA,RPH3AL,neg_sig
EXOC5,10640,P1P2,3,-1.1828,-3.1802,4.4789e-5,0.006135,3,-1.1956,-2.6046,0,0,-1.1453,-2.4876,4.4789e-5,0.010417,-2.03,3.4977e-5,0.008286,95,3,0.99999,1,22415,0,-1.7825,4.0697e-5,0.010407,87,3,0.99995,1,22386,0,-0.1357269907622112,NA,EXOC5,neg_sig
SMARCE1,6605,P1P2,3,1.1414,1.0125,0,0,3,1.1147,0.82714,8.9578e-5,0.011696,1.1686,0.86682,3.5831e-4,0.043011,1.3694,1,1,22468,0,4.6196e-6,0.002666,38,3,1.6798,1,1,22479,0,6.3795e-6,0.005522,26,3,-0.4779289323297921,NA,SMARCE1,pos_sig
AGO3,192669,P1P2,3,0.96133,1.1349,0,0,3,0.99005,0.97184,2.2394e-4,0.026455,0.93611,0.91887,9.8535e-4,0.089069,1.5021,0.99998,1,22432,0,2.0458e-5,0.008221,55,3,1.4455,1,1,22471,0,1.3859e-5,0.009173,34,3,-0.1539103770214458,NA,AGO3,pos_sig
LARS,51520,P1P2,3,0.95503,1.115,0,0,3,0.82737,0.76906,4.031e-4,0.038298,1.0745,0.99864,5.3747e-4,0.056604,1.3371,0.99993,1,22408,0,2.1008e-4,0.044184,107,3,1.5327,0.99999,1,22463,0,2.0458e-5,0.010689,42,3,-1.512657067874306,NA,LARS,pos_sig
SMARCC1,6599,P1P2,3,1.0681,1.0535,0,0,3,0.94737,0.8232,2.6873e-4,0.030928,1.1888,1.033,3.1352e-4,0.043011,1.2355,1,1,22489,0,2.1998e-7,2.36e-4,16,3,1.5643,1,1,22500,0,2.1998e-7,8.25e-4,5,3,-0.0141638332825373,NA,SMARCC1,pos_sig
TPT1,7178,P1P2,3,0.95527,1.1552,0,0,3,0.96585,1.0232,2.2394e-4,0.026455,0.94747,1.0037,8.9578e-4,0.082988,1.3552,1,1,22496,0,2.1998e-7,2.36e-4,9,3,1.4404,1,1,22498,0,6.5995e-7,0.001856,7,3,-1.3256466750333753,NA,TPT1,pos_sig
SMARCB1,6598,P1,3,0.95541,1.1055,0,0,3,0.88885,0.78019,4.031e-4,0.038298,1.0192,0.89397,6.2704e-4,0.0625,1.2623,0.99999,1,22439,0,4.8176e-5,0.01527,71,3,1.5143,1,1,22467,0,1.6939e-5,0.010025,38,3,-0.5603034747513362,NA,SMARCB1,pos_sig
APOBEC2,10930,P1P2,3,0.90851,1.1883,0,0,3,0.90961,0.85852,3.5831e-4,0.037559,0.90936,0.85821,0.0011197,0.097276,1.3555,1,1,22474,0,1.9798e-6,0.00131,32,3,1.3442,1,1,22468,0,1.6059e-5,0.009767,37,3,-0.0930314091908054,NA,APOBEC2,pos_sig
ARPC4,10093,P1P2,3,0.9327,1.1488,0,0,3,1.0317,1.0229,2.2394e-4,0.026455,0.82308,0.81603,0.0016572,0.12759,1.4285,1,1,22497,0,2.1998e-7,2.36e-4,8,3,1.1951,0.99998,1,22432,0,9.7452e-5,0.029636,74,3,-0.4557093099980248,NA,ARPC4,pos_sig
PGAM5,192111,P1P2,3,0.90396,1.188,0,0,3,0.87105,0.84245,4.031e-4,0.038298,0.93741,0.9066,8.9578e-4,0.082988,1.288,1,1,22481,0,6.5995e-7,5.94e-4,24,3,1.3036,1,1,22489,0,1.9798e-6,0.002785,16,3,-0.1454869964934431,NA,PGAM5,pos_sig
DGCR8,54487,P1P2,3,0.92815,1.1613,0,0,3,0.9518,0.95819,2.2394e-4,0.026455,0.91615,0.92228,0.0011197,0.097276,1.354,1,1,22499,0,2.1998e-7,2.36e-4,6,3,1.1694,1,1,22488,0,2.8598e-6,0.003786,17,3,-0.4236851799905263,NA,DGCR8,pos_sig
CD58,965,P1P2,3,-0.7306,-2.6608,0.0012989,0.07056,3,-0.77156,-2.1885,0.0028217,0.13548,-0.68623,-1.9464,0.0035383,0.17753,-1.1853,1.0999e-6,6.51e-4,37,3,1,1,22468,0,-1.0569,5.4996e-6,0.00221,56,3,1,1,22450,0,-0.2038385343923809,surface,CD58,neg_sig
PSMB8,5696,P1P2,3,-0.99556,-3.0274,8.9578e-5,0.0088889,3,-1.0449,-2.6323,4.4789e-5,0.0061728,-0.9386,-2.3634,3.5831e-4,0.043011,-1.5179,3.7397e-6,0.00187,43,3,1,1,22462,0,-1.3161,1.1659e-5,0.003803,68,3,0.99998,1,22410,0,-0.0131925727578202,NA,PSMB8,neg_sig
PSMB9,5698,P1,3,-1.2627,-3.3377,0,0,3,-1.2592,-2.88,0,0,-1.2425,-2.8414,4.4789e-5,0.010417,-1.6642,2.1998e-7,1.77e-4,7,3,1,1,22498,0,-1.8789,2.1998e-7,1.98e-4,6,3,1,1,22499,0,0.1106664445596805,NA,PSMB9,neg_sig
TAP1,6890,P1P2,3,-1.1107,-3.1796,8.9578e-5,0.0088889,3,-1.0951,-2.517,0,0,-1.1235,-2.5763,4.4789e-5,0.010417,-1.3991,1.2737e-4,0.023689,121,3,0.99997,1,22389,0,-1.5118,1.7775e-4,0.031496,127,3,0.99995,1,22387,0,-0.0475294792035615,NA,TAP1,neg_sig
TAP2,6891,P1P2,3,-1.379,-3.5245,0,0,3,-1.4969,-1.84,0,0,-1.4139,-1.7324,0,0,-1.8229,2.0018e-5,0.005702,79,3,0.99999,1,22422,0,-1.9341,2.3538e-5,0.007063,74,3,0.99999,1,22422,0,0.3010566368559304,nonsurface,TAP2,neg_sig
TAPBP,6892,P1P2,3,-1.4059,-3.469,0,0,3,-1.3697,-2.8487,0,0,-1.443,-3.0005,0,0,-2.0352,2.1998e-7,1.77e-4,15,3,1,1,22490,0,-1.7657,2.1998e-7,1.98e-4,9,3,1,1,22496,0,-0.0876919252457947,NA,TAPBP,neg_sig
