Gene	GeneID	Transcript	MLE_sgRNA	MLE_beta	MLE_z	MLE_p-value	MLE_fdr	MLE_S_sgRNA	MLE_B_beta	MLE_B_z	MLE_B_p-value	MLE_B_fdr	MLE_C_beta	MLE_C_z	MLE_C_p-value	MLE_C_fdr	B_lfc	B_neg_p-value	B_neg_fdr	B_neg_rank	B_neg_goodsgrna	B_pos_p-value	B_pos_fdr	B_pos_rank	B_pos_goodsgrna	C_lfc	C_neg_p-value	C_neg_fdr	C_neg_rank	C_neg_goodsgrna	C_pos_p-value	C_pos_fdr	C_pos_rank	C_pos_goodsgrna	DepMap	Surfaceome
ABCD4	5826	P1P2	3	-1.135	-3.2067	8.9578e-05	0.0088889	3	-1.0502	-2.5141	4.4789e-05	0.0061728	-1.221	-2.9229	4.4789e-05	0.010417	-1.5381	2.1998e-07	0.000177	1.0	3.0	1.0	1.0	22504.0	0.0	-1.7573	2.1998e-07	0.000198	1.0	3.0	1.0	1.0	22504.0	0.0	-0.0606297371097511	nonsurface
ACVR1	90	P1P2	3	-0.72492	-2.6422	0.0013437	0.072464	3	-0.81109	-2.5139	0.0017916	0.10025	-0.64089	-1.9863	0.0049268	0.21318	-1.2471	2.4418e-05	0.006465	84.0	3.0	0.99998	1.0	22397.0	0.0	-1.0158	6.5775e-05	0.014328	103.0	3.0	0.99948	1.0	22297.0	0.0	-0.0157354136134668	surface
ADPGK	83440	P1P2	3	-1.0438	-2.9621	8.9578e-05	0.0088889	3	-1.0832	-2.6329	0.0	0.0	-0.99504	-2.4152	0.00017916	0.028169	-1.9435	0.00030732	0.044332	156.0	3.0	0.9999	1.0	22358.0	0.0	-1.5306	0.00022944	0.039116	132.0	3.0	0.99993	1.0	22382.0	0.0	0.0698235276476726	
ALDH1A3	220	P1	3	-1.0863	-3.1137	8.9578e-05	0.0088889	3	-1.0391	-2.7874	4.4789e-05	0.0061728	-1.1425	-3.0569	4.4789e-05	0.010417	-1.4108	5.8295e-05	0.012737	103.0	3.0	0.99999	1.0	22408.0	0.0	-1.7837	0.00015861	0.028785	124.0	3.0	0.99995	1.0	22390.0	0.0	0.1766363216476724	
ARHGEF35	445328	ENST00000378115.2	3	-1.3596	-3.5163	0.0	0.0	3	-1.3324	-2.8081	0.0	0.0	-1.3922	-2.9273	0.0	0.0	-2.0455	2.5738e-05	0.006735	86.0	3.0	0.99999	1.0	22425.0	0.0	-1.9636	3.4097e-05	0.009592	80.0	3.0	0.99999	1.0	22430.0	0.0	0.0995893742548422	
ARRB1	408	P1P2	3	-0.89523	-2.8032	0.00026873	0.021505	3	-0.77254	-2.0585	0.0028217	0.13548	-1.0263	-2.7332	0.00013437	0.024	-0.96621	4.8616e-05	0.010832	101.0	3.0	0.99999	1.0	22410.0	0.0	-1.5117	6.5995e-07	0.000479	30.0	3.0	1.0	1.0	22475.0	0.0	-0.1176814649763436	
ATP11A	23250	P1P2	3	-0.66438	-2.5821	0.0025978	0.10721	3	-0.71004	-2.4056	0.0046132	0.17081	-0.614	-2.08	0.0064048	0.23993	-1.1137	7.6994e-06	0.003209	54.0	3.0	1.0	1.0	22451.0	0.0	-0.94309	3.9817e-05	0.010407	86.0	3.0	0.99999	1.0	22426.0	0.0	-0.1348717019970747	nonsurface
C17orf72	92340	P1P2	3	-0.70556	-2.5951	0.0017468	0.083871	3	-0.70693	-2.1831	0.0047924	0.17342	-0.70342	-2.1721	0.0028217	0.16845	-1.1905	9.8992e-06	0.003776	59.0	3.0	1.0	1.0	22446.0	0.0	-1.0539	5.1256e-05	0.012271	94.0	3.0	0.99999	1.0	22418.0	0.0	-0.0008924310283471	
CACNG7	59284	P1P2	3	-1.1572	-3.1842	4.4789e-05	0.006135	3	-1.1807	-2.5738	0.0	0.0	-1.1974	-2.6074	4.4789e-05	0.010417	-1.5916	0.00011725	0.021988	120.0	3.0	0.99997	1.0	22390.0	0.0	-1.6278	6.4455e-05	0.014328	101.0	3.0	0.99998	1.0	22411.0	0.0	0.4061320801139938	surface
CD58	965	P1P2	3	-0.7306	-2.6608	0.0012989	0.07056	3	-0.77156	-2.1885	0.0028217	0.13548	-0.68623	-1.9464	0.0035383	0.17753	-1.1853	1.0999e-06	0.000651	37.0	3.0	1.0	1.0	22468.0	0.0	-1.0569	5.4996e-06	0.00221	56.0	3.0	1.0	1.0	22450.0	0.0	-0.2038385343923809	surface
CEP112	201134	P1P2	3	-0.40294	-2.1563	0.02656	0.39786	3	-0.42636	-1.8294	0.034935	0.48903	-0.36888	-1.5827	0.046177	0.55222	-0.79072	0.00018677	0.03231	130.0	3.0	0.99108	1.0	21789.0	0.0	-0.52275	8.1174e-05	0.017233	106.0	3.0	0.99998	1.0	22406.0	0.0	0.2159632821701944	
CLK3	1198	P1	3	-1.0227	-2.9878	8.9578e-05	0.0088889	3	-0.95506	-2.3571	0.00035831	0.037559	-1.0959	-2.7033	8.9578e-05	0.018182	-1.2818	7.6774e-05	0.015997	108.0	3.0	0.99998	1.0	22403.0	0.0	-1.5297	6.6215e-05	0.014328	104.0	3.0	0.99998	1.0	22408.0	0.0	-0.060137748238772	
CNTROB	116840	P1P2	3	-1.5462	-3.7495	0.0	0.0	3	-1.6098	-3.2165	0.0	0.0	-1.4823	-2.961	0.0	0.0	-2.2783	2.1998e-07	0.000177	14.0	3.0	1.0	1.0	22491.0	0.0	-2.0645	2.1998e-07	0.000198	20.0	3.0	1.0	1.0	22485.0	0.0	0.1077502878003994	
CRYGB	1419	P1P2	3	-0.68189	-2.5094	0.0021499	0.096	3	-0.66695	-1.9809	0.0066287	0.2047	-0.69284	-2.0577	0.00318	0.17488	-0.85435	0.00015993	0.028117	128.0	3.0	0.99995	1.0	22382.0	0.0	-0.95007	4.6416e-05	0.011479	91.0	3.0	0.99999	1.0	22421.0	0.0	-0.1290563489762398	
DFFA	1676	P1P2	3	-0.80584	-2.6932	0.00067183	0.044776	3	-0.70426	-1.9824	0.0047924	0.17342	-0.91944	-2.5868	0.00035831	0.043011	-1.0937	0.00025232	0.038892	146.0	3.0	0.99991	1.0	22367.0	0.0	-1.3302	1.5399e-06	0.000806	40.0	3.0	1.0	1.0	22465.0	0.0	0.0686599560378044	
EXOC4	60412	P1P2	3	-0.85955	-2.818	0.00035831	0.027027	3	-0.96239	-2.7325	0.00031352	0.033981	-0.75225	-2.1359	0.0018363	0.13758	-1.4979	2.1998e-07	0.000177	27.0	3.0	1.0	1.0	22478.0	0.0	-1.163	1.5399e-06	0.000806	38.0	3.0	1.0	1.0	22467.0	0.0	-0.0346251890768911	
EXOC5	10640	P1P2	3	-1.1828	-3.1802	4.4789e-05	0.006135	3	-1.1956	-2.6046	0.0	0.0	-1.1453	-2.4876	4.4789e-05	0.010417	-2.03	3.4977e-05	0.008286	95.0	3.0	0.99999	1.0	22415.0	0.0	-1.7825	4.0697e-05	0.010407	87.0	3.0	0.99995	1.0	22386.0	0.0	-0.1357269907622112	
FAM204A	63877	P1P2	3	-0.6045	-2.5442	0.0042549	0.14593	3	-0.62048	-2.3922	0.0084651	0.23105	-0.57653	-2.2227	0.0085547	0.27325	-0.90545	1.2539e-05	0.004275	66.0	3.0	1.0	1.0	22439.0	0.0	-0.83511	2.3538e-05	0.007063	75.0	3.0	0.99999	1.0	22434.0	0.0	-0.1843527817660092	
GDPGP1	390637	P1P2	3	-1.1549	-3.0113	4.4789e-05	0.006135	3	-1.1433	-2.5206	0.0	0.0	-1.1435	-2.5204	4.4789e-05	0.010417	-1.9667	2.4418e-05	0.006465	85.0	3.0	0.99998	1.0	22395.0	0.0	-1.7607	2.1998e-07	0.000198	24.0	3.0	1.0	1.0	22481.0	0.0	0.0922771407492629	
GJD3	125111	P2	3	-1.0103	-2.9907	8.9578e-05	0.0088889	3	-1.019	-2.4896	8.9578e-05	0.011696	-0.97604	-2.3844	0.00026873	0.039735	-1.7584	6.3795e-06	0.002761	52.0	3.0	1.0	1.0	22453.0	0.0	-1.308	6.5995e-07	0.000479	31.0	3.0	1.0	1.0	22474.0	0.0	0.1166100366840667	
GOLT1B	51026	P1P2	3	-0.89375	-2.7705	0.00026873	0.021505	3	-0.77164	-2.0388	0.0028217	0.13548	-1.0335	-2.7304	0.00013437	0.024	-0.92166	0.00028136	0.041384	153.0	3.0	0.99991	1.0	22361.0	0.0	-1.4891	1.1219e-05	0.003768	65.0	3.0	1.0	1.0	22442.0	0.0	-0.0046945825874408	nonsurface
HSPH1	10808	P1P2	3	-1.2518	-3.1152	0.0	0.0	3	-1.2254	-2.4992	0.0	0.0	-1.2788	-2.6074	4.4789e-05	0.010417	-1.8225	1.0339e-05	0.003878	60.0	3.0	1.0	1.0	22445.0	0.0	-1.5937	6.8195e-06	0.002692	57.0	3.0	1.0	1.0	22449.0	0.0	-0.050312784545702	
JAK3	3718	P1P2	3	-0.69607	-2.3459	0.0020155	0.093361	3	-0.53253	-1.5442	0.0159	0.31996	-0.87696	-2.5424	0.00049268	0.053398	-0.89665	0.00018105	0.031583	129.0	3.0	0.98864	1.0	21704.0	0.0	-1.2807	2.1998e-07	0.000198	25.0	3.0	1.0	1.0	22480.0	0.0	-0.2346378578419395	
KCNAB3	9196	P1P2	3	-1.1915	-3.2907	4.4789e-05	0.006135	3	-1.1896	-2.6421	0.0	0.0	-1.192	-2.647	4.4789e-05	0.010417	-1.8057	2.1998e-07	0.000177	18.0	3.0	1.0	1.0	22487.0	0.0	-1.6793	2.1998e-07	0.000198	21.0	3.0	1.0	1.0	22484.0	0.0	0.1575562256980445	
KCNQ3	3786	P1P2	3	-0.72129	-2.5761	0.0014332	0.074766	3	-0.63986	-1.9208	0.0076141	0.22021	-0.80414	-2.4138	0.00098535	0.089069	-1.0958	0.00036891	0.049712	166.0	3.0	0.99986	1.0	22345.0	0.0	-1.14	3.7397e-06	0.001753	47.0	3.0	1.0	1.0	22458.0	0.0	0.0084816501358896	nonsurface
KCTD3	51133	P1P2	3	-1.2419	-3.0807	0.0	0.0	3	-1.2465	-2.5833	0.0	0.0	-1.2183	-2.5241	4.4789e-05	0.010417	-1.9399	5.9395e-06	0.002621	51.0	3.0	1.0	1.0	22454.0	0.0	-2.2436	0.00011769	0.023438	113.0	3.0	0.99997	1.0	22400.0	0.0	0.2486254738141265	
KIF13A	63971	P1P2	3	-0.8534	-2.7257	0.0004031	0.03	3	-0.90656	-2.494	0.00076141	0.057047	-0.76981	-2.1173	0.0016124	0.12676	-1.234	4.1797e-06	0.00196	46.0	3.0	1.0	1.0	22459.0	0.0	-1.1873	1.1219e-05	0.003768	67.0	3.0	1.0	1.0	22440.0	0.0	0.0336296869587688	
LOXL1	4016	P1P2	3	-0.53332	-2.4077	0.0092713	0.23363	3	-0.47619	-1.7331	0.024455	0.40716	-0.58115	-2.115	0.0083307	0.2684	-0.7131	0.00023076	0.037093	140.0	3.0	0.99993	1.0	22373.0	0.0	-0.79779	3.8497e-05	0.010309	84.0	3.0	0.99999	1.0	22427.0	0.0	0.0986155038834412	
MAP3K8	1326	P1P2	3	-0.69724	-2.6479	0.0019707	0.09205	3	-0.7363	-2.3514	0.0036727	0.15649	-0.6557	-2.094	0.0043445	0.19796	-0.99595	2.1998e-07	0.000177	22.0	3.0	1.0	1.0	22483.0	0.0	-0.97135	2.1998e-07	0.000198	19.0	3.0	1.0	1.0	22486.0	0.0	0.0520043484480038	
MATN1	4146	P1	3	-0.95819	-2.8685	0.00013437	0.012712	3	-0.80823	-1.4369	0.0017916	0.10025	-1.1425	-2.025	4.4789e-05	0.010417	-1.1158	0.00025056	0.038887	145.0	3.0	0.99992	1.0	22368.0	0.0	-1.7947	0.00011725	0.023438	112.0	3.0	0.99997	1.0	22401.0	0.0	-0.2421657005842056	
MTMR11	10903	P1P2	3	-0.98037	-2.9147	8.9578e-05	0.0088889	3	-0.9333	-2.4402	0.00053747	0.047431	-1.0366	-2.709	0.00013437	0.024	-1.3937	4.1797e-06	0.00196	47.0	3.0	1.0	1.0	22458.0	0.0	-1.4366	9.4593e-06	0.003379	62.0	3.0	1.0	1.0	22444.0	0.0	-0.0613772076796259	
MTMR9	66036	P1P2	3	-0.60226	-2.5581	0.0044341	0.14977	3	-0.62898	-2.1492	0.0082411	0.22868	-0.55892	-1.9098	0.010122	0.28954	-0.92336	2.1998e-07	0.000177	24.0	3.0	1.0	1.0	22481.0	0.0	-0.82755	1.5399e-06	0.000806	42.0	3.0	1.0	1.0	22463.0	0.0	-0.1773261871259159	
NDP	4693	P1P2	3	-0.43105	-2.3174	0.021678	0.36862	3	-0.49606	-2.0331	0.020916	0.37084	-0.36723	-1.5051	0.046894	0.55479	-0.74429	1.6939e-05	0.005016	75.0	3.0	1.0	1.0	22433.0	0.0	-0.49032	5.9615e-05	0.013551	99.0	3.0	0.99998	1.0	22413.0	0.0	0.0754266468359156	
NFKBID	84807	P1	3	-0.57968	-2.5086	0.0060017	0.18544	3	-0.55852	-1.8222	0.013034	0.2839	-0.60649	-1.9786	0.0068079	0.24715	-0.71882	0.0002796	0.041384	152.0	3.0	0.99991	1.0	22362.0	0.0	-0.79969	0.00026772	0.043344	139.0	3.0	0.99991	1.0	22375.0	0.0	0.0814413680819441	
OPTN	10133	P1P2	3	-1.2362	-3.302	0.0	0.0	3	-1.3666	-3.2671	0.0	0.0	-1.0958	-2.6193	8.9578e-05	0.018182	-2.0462	6.8195e-06	0.002896	53.0	3.0	1.0	1.0	22452.0	0.0	-1.6755	0.00014057	0.026808	118.0	3.0	0.99996	1.0	22395.0	0.0	0.2937764338130628	
OR4A16	81327	ENST00000314721.2	3	-1.1609	-3.2293	4.4789e-05	0.006135	3	-1.1346	-2.7764	0.0	0.0	-1.1581	-2.8335	4.4789e-05	0.010417	-1.6851	2.1998e-07	0.000177	6.0	3.0	1.0	1.0	22499.0	0.0	-1.8399	2.1998e-07	0.000198	8.0	3.0	1.0	1.0	22497.0	0.0	0.096148176962629	surface
PARD6A	50855	P1P2	3	-1.2404	-3.3555	0.0	0.0	3	-1.2281	-2.7693	0.0	0.0	-1.2394	-2.7943	4.4789e-05	0.010417	-1.7977	2.1998e-07	0.000177	13.0	3.0	1.0	1.0	22492.0	0.0	-1.8985	2.1998e-07	0.000198	11.0	3.0	1.0	1.0	22494.0	0.0	0.1795561507562262	
PIGA	5277	P1P2	3	-0.96652	-2.9501	0.00013437	0.012712	3	-0.91963	-2.43	0.00062704	0.049822	-1.0082	-2.6638	0.00017916	0.028169	-1.3202	1.3859e-05	0.004586	68.0	3.0	0.99999	1.0	22424.0	0.0	-1.4958	5.0596e-06	0.002109	54.0	3.0	1.0	1.0	22437.0	0.0	0.0748709760868388	nonsurface
PSMB8	5696	P1P2	3	-0.99556	-3.0274	8.9578e-05	0.0088889	3	-1.0449	-2.6323	4.4789e-05	0.0061728	-0.9386	-2.3634	0.00035831	0.043011	-1.5179	3.7397e-06	0.00187	43.0	3.0	1.0	1.0	22462.0	0.0	-1.3161	1.1659e-05	0.003803	68.0	3.0	0.99998	1.0	22410.0	0.0	-0.0131925727578202	
PSMB9	5698	P1	3	-1.2627	-3.3377	0.0	0.0	3	-1.2592	-2.88	0.0	0.0	-1.2425	-2.8414	4.4789e-05	0.010417	-1.6642	2.1998e-07	0.000177	7.0	3.0	1.0	1.0	22498.0	0.0	-1.8789	2.1998e-07	0.000198	6.0	3.0	1.0	1.0	22499.0	0.0	0.1106664445596805	
PSMB9	5698	P2	3	-0.75505	-2.6979	0.00094057	0.056	3	-0.77001	-2.3655	0.0029113	0.1383	-0.73694	-2.2639	0.0021499	0.14583	-1.1677	2.1998e-07	0.000177	19.0	3.0	1.0	1.0	22486.0	0.0	-1.0483	6.5995e-07	0.000479	28.0	3.0	1.0	1.0	22477.0	0.0	0.1106664445596805	
QSOX2	169714	P1P2	3	-0.65379	-2.5252	0.0029113	0.11324	3	-0.58979	-1.9493	0.010122	0.24862	-0.71668	-2.3683	0.0026873	0.16667	-0.80534	6.5775e-05	0.014097	104.0	3.0	0.99998	1.0	22407.0	0.0	-1.0773	4.1797e-06	0.001844	51.0	3.0	1.0	1.0	22454.0	0.0	-0.2061607528363783	surface
RASGEF1B	153020	P1P2	3	-0.42011	-2.2851	0.024007	0.38561	3	-0.35494	-1.5683	0.058853	0.61459	-0.47883	-2.1156	0.018901	0.37882	-0.53958	0.00026464	0.040099	148.0	3.0	0.99991	1.0	22365.0	0.0	-0.63854	0.00015817	0.028785	123.0	3.0	0.99995	1.0	22391.0	0.0	0.011620627085937	
RFWD2	64326	P1P2	3	-0.55754	-2.4058	0.0073454	0.20577	3	-0.55782	-2.1822	0.013078	0.2846	-0.55246	-2.1612	0.010436	0.29382	-0.73794	1.1219e-05	0.003945	62.0	3.0	1.0	1.0	22443.0	0.0	-0.87303	3.8937e-05	0.010309	85.0	3.0	0.99965	1.0	22318.0	0.0	-0.093162815835802	
RILP	83547	P1P2	3	-0.7343	-2.734	0.0011645	0.064516	3	-0.72376	-2.3145	0.0038966	0.15732	-0.73791	-2.3598	0.0021499	0.14583	-1.0341	2.1998e-07	0.000177	17.0	3.0	1.0	1.0	22488.0	0.0	-1.0715	2.1998e-07	0.000198	12.0	3.0	1.0	1.0	22493.0	0.0	0.0103394008358936	
RPH3AL	9501	P1P2	3	-1.2687	-3.3676	0.0	0.0	3	-1.2189	-2.7444	0.0	0.0	-1.3212	-2.9738	4.4789e-05	0.010417	-1.9145	2.1998e-07	0.000177	11.0	3.0	1.0	1.0	22494.0	0.0	-1.9373	2.1998e-07	0.000198	13.0	3.0	1.0	1.0	22492.0	0.0	-0.0965903904139983	
RUNX3	864	P2	3	-0.98223	-2.9917	8.9578e-05	0.0088889	3	-0.92536	-2.3532	0.00058225	0.047445	-1.034	-2.6296	0.00013437	0.024	-1.2904	2.1998e-07	0.000177	2.0	3.0	1.0	1.0	22503.0	0.0	-1.6116	2.1998e-07	0.000198	2.0	3.0	1.0	1.0	22503.0	0.0	-0.0612026504585871	
SEC23B	10483	P1P2	3	-1.4508	-3.6567	0.0	0.0	3	-1.4383	-3.0102	0.0	0.0	-1.46	-3.0547	0.0	0.0	-2.087	2.1998e-07	0.000177	16.0	3.0	1.0	1.0	22489.0	0.0	-2.1941	2.1998e-07	0.000198	17.0	3.0	1.0	1.0	22488.0	0.0	-0.0641840278074739	
SEL1L	6400	P1P2	3	-0.73651	-2.6935	0.0011645	0.064516	3	-0.66838	-2.0931	0.0065392	0.2042	-0.80325	-2.5146	0.00098535	0.089069	-0.92679	0.00020568	0.033786	137.0	3.0	0.99993	1.0	22376.0	0.0	-1.2063	4.0697e-05	0.010407	88.0	3.0	0.99999	1.0	22425.0	0.0	-0.0072075574900964	
SLC9A6	10479	P1P2	3	-0.99097	-2.939	8.9578e-05	0.0088889	3	-0.87821	-1.8667	0.00098535	0.070288	-1.0631	-2.2588	8.9578e-05	0.018182	-1.4151	2.9258e-05	0.007316	90.0	3.0	0.99999	1.0	22420.0	0.0	-1.3678	1.9798e-06	0.001013	44.0	3.0	1.0	1.0	22461.0	0.0	0.0803377308684079	surface
TAP1	6890	P1P2	3	-1.1107	-3.1796	8.9578e-05	0.0088889	3	-1.0951	-2.517	0.0	0.0	-1.1235	-2.5763	4.4789e-05	0.010417	-1.3991	0.00012737	0.023689	121.0	3.0	0.99997	1.0	22389.0	0.0	-1.5118	0.00017775	0.031496	127.0	3.0	0.99995	1.0	22387.0	0.0	-0.0475294792035615	
TAP2	6891	P1P2	3	-1.379	-3.5245	0.0	0.0	3	-1.4969	-1.84	0.0	0.0	-1.4139	-1.7324	0.0	0.0	-1.8229	2.0018e-05	0.005702	79.0	3.0	0.99999	1.0	22422.0	0.0	-1.9341	2.3538e-05	0.007063	74.0	3.0	0.99999	1.0	22422.0	0.0	0.3010566368559304	nonsurface
TAPBP	6892	P1P2	3	-1.4059	-3.469	0.0	0.0	3	-1.3697	-2.8487	0.0	0.0	-1.443	-3.0005	0.0	0.0	-2.0352	2.1998e-07	0.000177	15.0	3.0	1.0	1.0	22490.0	0.0	-1.7657	2.1998e-07	0.000198	9.0	3.0	1.0	1.0	22496.0	0.0	-0.0876919252457947	
TMC7	79905	P1P2	3	-1.2006	-2.479	4.4789e-05	0.006135	3	-1.2266	-2.1023	0.0	0.0	-1.1881	-2.0156	4.4789e-05	0.010417	-1.9663	1.2979e-05	0.004359	67.0	3.0	0.95383	1.0	20649.0	0.0	-2.1459	9.8992e-06	0.003481	64.0	3.0	0.99918	1.0	22261.0	0.0	-0.0165159342823684	surface
TRAPPC12	51112	P1P2	3	-0.94992	-2.9823	0.00013437	0.012712	3	-0.93237	-2.4788	0.00053747	0.047431	-0.96323	-2.5608	0.00026873	0.039735	-1.4265	2.1998e-07	0.000177	12.0	3.0	1.0	1.0	22493.0	0.0	-1.3696	2.1998e-07	0.000198	7.0	3.0	1.0	1.0	22498.0	0.0	0.2554948871258078	
TRAPPC13	80006	P1P2	3	-1.0089	-2.8799	8.9578e-05	0.0088889	3	-1.1444	-2.8537	0.0	0.0	-0.88529	-2.2074	0.0004031	0.046632	-1.7435	2.1998e-07	0.000177	28.0	3.0	1.0	1.0	22477.0	0.0	-1.1732	1.1219e-05	0.003768	66.0	3.0	1.0	1.0	22441.0	0.0	-0.0182257093821093	
TRPT1	83707	P1P2	3	-0.71386	-2.3274	0.0015228	0.076577	3	-0.68646	-1.9603	0.005509	0.1848	-0.74363	-2.1235	0.0021051	0.14583	-1.2572	0.00032711	0.046009	159.0	3.0	0.9924	1.0	21847.0	0.0	-1.1837	0.00019952	0.034539	130.0	3.0	0.99994	1.0	22384.0	0.0	-0.1757924865044098	
TSPEAR	54084	P1P2	3	-0.36266	-2.1473	0.038474	0.47564	3	-0.38104	-1.7146	0.049223	0.57246	-0.35299	-1.5883	0.052851	0.57751	-0.63826	4.0697e-05	0.009442	97.0	3.0	0.99273	1.0	21858.0	0.0	-0.4215	6.2695e-05	0.014109	100.0	3.0	0.99998	1.0	22412.0	0.0	0.0843737037396568	
TSSC1	7260	P1P2	3	-0.686	-2.6274	0.0021051	0.094758	3	-0.68516	-2.0501	0.0055538	0.1848	-0.68182	-2.04	0.0036279	0.17802	-0.83718	6.5995e-07	0.000413	31.0	3.0	1.0	1.0	22474.0	0.0	-1.0021	2.1998e-07	0.000198	16.0	3.0	1.0	1.0	22489.0	0.0	0.1314612279435487	
USP30	84749	P1P2	3	-1.5705	-3.7574	0.0	0.0	3	-1.5257	-3.1263	0.0	0.0	-1.6098	-3.297	0.0	0.0	-2.2113	2.1998e-07	0.000177	5.0	3.0	1.0	1.0	22500.0	0.0	-2.4955	2.1998e-07	0.000198	4.0	3.0	1.0	1.0	22501.0	0.0	-0.1995648398066726	nonsurface
WDR44	54521	P1P2	3	-0.51375	-2.3037	0.01057	0.25241	3	-0.58194	-2.3016	0.010794	0.25476	-0.44641	-1.7656	0.025485	0.43769	-0.86482	2.0898e-05	0.005806	81.0	3.0	0.99999	1.0	22428.0	0.0	-0.68633	4.6196e-06	0.001962	53.0	3.0	1.0	1.0	22452.0	0.0	0.0619797997785875	
ZFYVE19	84936	P1P2	3	-1.005	-2.9597	8.9578e-05	0.0088889	3	-1.056	-2.489	4.4789e-05	0.0061728	-0.95438	-2.2492	0.00031352	0.043011	-1.533	1.5619e-05	0.00495	71.0	3.0	1.0	1.0	22436.0	0.0	-1.2424	0.00015069	0.027796	122.0	3.0	0.99996	1.0	22392.0	0.0	-0.0789131685501263	
ZKSCAN1	7586	P1P2	3	-1.376	-3.4448	0.0	0.0	3	-1.2997	-2.9428	0.0	0.0	-1.4664	-3.319	0.0	0.0	-1.9345	5.4996e-06	0.002475	50.0	3.0	1.0	1.0	22455.0	0.0	-2.1215	6.5995e-07	0.000479	29.0	3.0	1.0	1.0	22476.0	0.0	0.0287309697923731	
