t_cell_type,PeptideBC_Name,AssignedTreatment,peptide_order,treatment_order,qualifying_cells,dc_supported_unique_dcbc,dc_supported_total_dcbc_umi,qualifying_cells_per_dc_supported_unique_dcbc,geomean_supported_condition_umi,geomean_condition_umi_per_10k_dc_dcbc_umi,cell_condition_min_umi
OTI,N4,no_treatment,0,0,510,536,201782,0.9514925373134329,14.331348527558232,0.7102391951491328,2
OTI,N4,LPS,0,1,280,377,31504,0.7427055702917772,15.141680891342522,4.806272502330664,2
OTI,N4,PolyIC,0,2,595,552,160621,1.0778985507246377,15.209008946684582,0.9468879503106432,2
OTI,N4,IFNg,0,3,542,543,120369,0.998158379373849,19.104437518434906,1.5871559553070065,2
OTI,A2,no_treatment,1,0,473,484,264348,0.9772727272727273,16.42824421178811,0.6214627767862102,2
OTI,A2,LPS,1,1,188,262,26704,0.7175572519083969,16.74024946511429,6.2688172053303965,2
OTI,A2,PolyIC,1,2,562,552,300031,1.0181159420289856,15.647340279381046,0.5215241184871245,2
OTI,A2,IFNg,1,3,420,427,211587,0.9836065573770492,22.731591830919307,1.0743378293996941,2
OTI,Y3,no_treatment,2,0,483,529,416656,0.9130434782608695,18.234984024189192,0.43765082044154396,2
OTI,Y3,LPS,2,1,160,257,40203,0.622568093385214,20.484496417311632,5.095265631249318,2
OTI,Y3,PolyIC,2,2,691,613,438773,1.1272430668841762,17.65470396127353,0.4023653224166831,2
OTI,Y3,IFNg,2,3,440,498,287260,0.8835341365461847,24.90726472336608,0.8670634520422642,2
OTI,Q4,no_treatment,3,0,494,673,516729,0.7340267459138187,14.037970222804411,0.27166987381788926,2
OTI,Q4,LPS,3,1,395,645,181153,0.6124031007751938,16.533530807217478,0.9126832460526448,2
OTI,Q4,PolyIC,3,2,837,877,618991,0.9543899657924744,15.372415963194205,0.24834635662221594,2
OTI,Q4,IFNg,3,3,529,775,465036,0.6825806451612904,17.684990294874574,0.38029292989950403,2
OTI,T4,no_treatment,4,0,659,780,696403,0.8448717948717949,15.77585112432458,0.2265333596254551,2
OTI,T4,LPS,4,1,242,464,163524,0.521551724137931,15.214314351738642,0.9304025312332527,2
OTI,T4,PolyIC,4,2,701,790,734073,0.8873417721518987,15.900528842756549,0.2166069156985279,2
OTI,T4,IFNg,4,3,525,765,556701,0.6862745098039216,22.597604459047805,0.40591995450067103,2
OTI,V4,no_treatment,5,0,423,688,672663,0.6148255813953488,12.640182292485473,0.187912554912125,2
OTI,V4,LPS,5,1,274,527,202387,0.5199240986717267,13.899754573756775,0.6867908795405225,2
OTI,V4,PolyIC,5,2,631,782,777744,0.8069053708439897,12.475450409485514,0.16040561430863515,2
OTI,V4,IFNg,5,3,451,729,446801,0.6186556927297668,19.64130665001201,0.4395985382756979,2
OTI,G4,no_treatment,6,0,250,518,435436,0.4826254826254826,11.112096999492023,0.2551947243565535,2
OTI,G4,LPS,6,1,162,385,141055,0.42077922077922075,12.601131999568526,0.8933488355300079,2
OTI,G4,PolyIC,6,2,320,547,507210,0.5850091407678245,11.312287052333145,0.22302965344400044,2
OTI,G4,IFNg,6,3,220,478,337360,0.4602510460251046,13.286941972371324,0.3938505445924627,2
OTI,D4,no_treatment,7,0,348,725,666625,0.48,11.963142209236771,0.1794583492853819,2
OTI,D4,LPS,7,1,219,521,199131,0.42034548944337813,12.30904907396261,0.6181382644571971,2
OTI,D4,PolyIC,7,2,475,807,669602,0.5885997521685254,10.946165487286159,0.16347271195853894,2
OTI,D4,IFNg,7,3,378,787,607747,0.48030495552731894,13.069207009122815,0.2150435462309615,2
OTI,Q4R7,no_treatment,8,0,288,393,322576,0.732824427480916,16.030946365141467,0.4969664936368939,2
OTI,Q4R7,LPS,8,1,180,251,77480,0.7171314741035857,18.088959891759117,2.3346618342487244,2
OTI,Q4R7,PolyIC,8,2,375,406,333329,0.9236453201970444,16.820447119454684,0.5046199736432979,2
OTI,Q4R7,IFNg,8,3,240,344,219947,0.6976744186046512,22.48093010722712,1.0221066942139299,2
OTI,Q4H7,no_treatment,9,0,542,848,781077,0.6391509433962265,12.660830650095265,0.1620945265331749,2
OTI,Q4H7,LPS,9,1,352,552,232310,0.6376811594202898,15.485279059797966,0.6665782385518474,2
OTI,Q4H7,PolyIC,9,2,769,898,916087,0.856347438752784,15.077570300096216,0.1645866637131213,2
OTI,Q4H7,IFNg,9,3,526,872,653489,0.6032110091743119,17.239856978818562,0.2638125045535359,2
OTI,Q7,no_treatment,10,0,401,519,471695,0.7726396917148363,16.478426584288115,0.3493449492635732,2
OTI,Q7,LPS,10,1,180,330,138411,0.5454545454545454,18.014313922112635,1.3015088339880958,2
OTI,Q7,PolyIC,10,2,470,618,523211,0.7605177993527508,13.58549683512203,0.2596561776247447,2
OTI,Q7,IFNg,10,3,376,545,346504,0.689908256880734,18.55501251986106,0.535492015095383,2
OTI,E1,no_treatment,11,0,319,670,613772,0.4761194029850746,8.728376546291985,0.14220877697731382,2
OTI,E1,LPS,11,1,141,383,177488,0.3681462140992167,10.15585023711159,0.5721992606323577,2
OTI,E1,PolyIC,11,2,384,769,707182,0.49934980494148246,8.919665269694356,0.12612969885679157,2
OTI,E1,IFNg,11,3,375,773,553309,0.4851228978007762,13.030623478805655,0.2355035518816006,2
OTI,CATNB,no_treatment,12,0,314,654,633233,0.4801223241590214,9.313087326987272,0.14707204657665143,2
OTI,CATNB,LPS,12,1,119,360,117236,0.33055555555555555,9.477668163623918,0.8084264358749802,2
OTI,CATNB,PolyIC,12,2,380,669,583632,0.5680119581464873,9.272383409253267,0.15887380077263186,2
OTI,CATNB,IFNg,12,3,302,719,581193,0.4200278164116829,11.902038438984395,0.20478633498656032,2
OTI,LCMV,no_treatment,13,0,298,651,686682,0.4577572964669739,8.685670763207192,0.1264875264417473,2
OTI,LCMV,LPS,13,1,97,310,140172,0.31290322580645163,10.379224040606484,0.7404634335392578,2
OTI,LCMV,PolyIC,13,2,312,651,609797,0.4792626728110599,9.05838740669674,0.14854758889756328,2
OTI,LCMV,IFNg,13,3,268,613,463184,0.4371941272430669,13.008145947217598,0.2808418673187674,2
OTI,TB,no_treatment,14,0,256,667,579415,0.383808095952024,9.463516071643273,0.1633288070147178,2
OTI,TB,LPS,14,1,169,382,131911,0.4424083769633508,9.760638991333446,0.7399412476088761,2
OTI,TB,PolyIC,14,2,309,681,617348,0.45374449339207046,8.807261858210948,0.1426628394068005,2
OTI,TB,IFNg,14,3,310,710,571150,0.43661971830985913,12.08694076416612,0.21162463038021748,2
OTI,MCMV,no_treatment,15,0,155,329,381531,0.47112462006079026,9.799372389644098,0.25684341219046675,2
OTI,MCMV,LPS,15,1,89,213,116526,0.41784037558685444,9.809950394340186,0.8418679431491845,2
OTI,MCMV,PolyIC,15,2,196,360,408679,0.5444444444444444,9.16635222845886,0.22429222515614602,2
OTI,MCMV,IFNg,15,3,167,374,371613,0.446524064171123,11.48039105361371,0.3089340538036535,2
C57BL6,N4,no_treatment,0,0,37,536,201782,0.06902985074626866,7.004552304697176,0.34713464554307005,2
C57BL6,N4,LPS,0,1,19,377,31504,0.050397877984084884,7.327974338965843,2.326045689108,2
C57BL6,N4,PolyIC,0,2,42,552,160621,0.07608695652173914,7.317418833947505,0.455570494141333,2
C57BL6,N4,IFNg,0,3,26,543,120369,0.04788213627992634,10.459880605873716,0.8689845895432974,2
C57BL6,A2,no_treatment,1,0,31,484,264348,0.0640495867768595,4.954583520071739,0.18742655590629545,2
C57BL6,A2,LPS,1,1,10,262,26704,0.03816793893129771,4.399742362542397,1.6475967505026952,2
C57BL6,A2,PolyIC,1,2,37,552,300031,0.06702898550724638,5.418062737025585,0.1805834309463217,2
C57BL6,A2,IFNg,1,3,34,427,211587,0.07962529274004684,7.7776363286001455,0.3675857367702243,2
C57BL6,Y3,no_treatment,2,0,38,529,416656,0.07183364839319471,6.117137174683975,0.14681505065771225,2
C57BL6,Y3,LPS,2,1,20,257,40203,0.07782101167315175,5.622786287823091,1.3985986836363187,2
C57BL6,Y3,PolyIC,2,2,63,613,438773,0.10277324632952692,6.281415789490558,0.14315866722634615,2
C57BL6,Y3,IFNg,2,3,37,498,287260,0.07429718875502007,10.846788448792346,0.37759480779754734,2
C57BL6,Q4,no_treatment,3,0,48,673,516729,0.0713224368499257,4.8379782209269875,0.09362699250336225,2
C57BL6,Q4,LPS,3,1,35,645,181153,0.05426356589147287,7.771080951406247,0.4289788715288318,2
C57BL6,Q4,PolyIC,3,2,65,877,618991,0.07411630558722919,7.554695228381462,0.12204854720636425,2
C57BL6,Q4,IFNg,3,3,51,775,465036,0.06580645161290323,8.651455452158869,0.1860384024496785,2
C57BL6,T4,no_treatment,4,0,47,780,696403,0.06025641025641026,6.0846728529111225,0.08737286963024458,2
C57BL6,T4,LPS,4,1,26,464,163524,0.05603448275862069,10.128294348255768,0.6193766265658721,2
C57BL6,T4,PolyIC,4,2,42,790,734073,0.053164556962025315,5.9732549698781305,0.08137140270624489,2
C57BL6,T4,IFNg,4,3,72,765,556701,0.09411764705882353,8.27021378458568,0.14855755216149566,2
C57BL6,V4,no_treatment,5,0,44,688,672663,0.06395348837209303,7.213894008770414,0.1072438057209987,2
C57BL6,V4,LPS,5,1,22,527,202387,0.04174573055028463,5.419535568151904,0.2677808143878759,2
C57BL6,V4,PolyIC,5,2,53,782,777744,0.06777493606138107,5.444237326059113,0.07000037706570689,2
C57BL6,V4,IFNg,5,3,60,729,446801,0.0823045267489712,6.518283830454065,0.1458878523202514,2
C57BL6,G4,no_treatment,6,0,15,518,435436,0.02895752895752896,4.129885248727547,0.0948448279133454,2
C57BL6,G4,LPS,6,1,23,385,141055,0.05974025974025974,6.788473230189192,0.4812642749416321,2
C57BL6,G4,PolyIC,6,2,28,547,507210,0.051188299817184646,4.74979464503473,0.09364552443829441,2
C57BL6,G4,IFNg,6,3,27,478,337360,0.056485355648535567,9.019350415183323,0.2673509134213696,2
C57BL6,D4,no_treatment,7,0,43,725,666625,0.05931034482758621,5.08624031375343,0.07629837335463611,2
C57BL6,D4,LPS,7,1,33,521,199131,0.06333973128598848,9.767839920265098,0.4905233198379508,2
C57BL6,D4,PolyIC,7,2,44,807,669602,0.05452292441140025,5.952028410794383,0.08888904768495887,2
C57BL6,D4,IFNg,7,3,62,787,607747,0.07878017789072427,11.428224095558559,0.18804246002956096,2
C57BL6,Q4R7,no_treatment,8,0,32,393,322576,0.08142493638676845,5.835928136700726,0.18091637743355754,2
C57BL6,Q4R7,LPS,8,1,16,251,77480,0.06374501992031872,4.347117437492957,0.5610631695267111,2
C57BL6,Q4R7,PolyIC,8,2,22,406,333329,0.054187192118226604,6.233841580671487,0.18701767864996705,2
C57BL6,Q4R7,IFNg,8,3,24,344,219947,0.06976744186046512,7.433627420386322,0.3379735763791423,2
C57BL6,Q4H7,no_treatment,9,0,50,848,781077,0.0589622641509434,7.609776550892313,0.09742671402297486,2
C57BL6,Q4H7,LPS,9,1,30,552,232310,0.05434782608695652,6.503962878262293,0.27996913082787195,2
C57BL6,Q4H7,PolyIC,9,2,62,898,916087,0.06904231625835189,6.937187435689706,0.07572629494458175,2
C57BL6,Q4H7,IFNg,9,3,80,872,653489,0.09174311926605505,7.771755045403762,0.11892709816697393,2
C57BL6,Q7,no_treatment,10,0,39,519,471695,0.07514450867052024,7.602237079857665,0.1611684898050152,2
C57BL6,Q7,LPS,10,1,15,330,138411,0.045454545454545456,5.881728301917198,0.4249465939785998,2
C57BL6,Q7,PolyIC,10,2,29,618,523211,0.04692556634304207,6.286829237726339,0.12015858301385748,2
C57BL6,Q7,IFNg,10,3,41,545,346504,0.07522935779816514,7.544714947849559,0.21773817756359404,2
C57BL6,E1,no_treatment,11,0,35,670,613772,0.05223880597014925,5.642388675229124,0.09192971779796283,2
C57BL6,E1,LPS,11,1,20,383,177488,0.05221932114882506,6.749800658422508,0.3802961697930287,2
C57BL6,E1,PolyIC,11,2,42,769,707182,0.054616384915474644,7.270184634853307,0.10280500118573871,2
C57BL6,E1,IFNg,11,3,42,773,553309,0.054333764553686936,8.925728632985567,0.1613154427812591,2
C57BL6,CATNB,no_treatment,12,0,32,654,633233,0.04892966360856269,7.636564042250852,0.1205964319966087,2
C57BL6,CATNB,LPS,12,1,14,360,117236,0.03888888888888889,8.675176783159579,0.7399755009689497,2
C57BL6,CATNB,PolyIC,12,2,31,669,583632,0.04633781763826607,5.4752402771652235,0.09381322952074636,2
C57BL6,CATNB,IFNg,12,3,57,719,581193,0.07927677329624479,9.052561224135843,0.1557582631610471,2
C57BL6,LCMV,no_treatment,13,0,31,651,686682,0.047619047619047616,5.549112658771579,0.08081051576670975,2
C57BL6,LCMV,LPS,13,1,17,310,140172,0.054838709677419356,8.490781278541366,0.6057401819579779,2
C57BL6,LCMV,PolyIC,13,2,34,651,609797,0.05222734254992319,8.107495541686715,0.13295400832878343,2
C57BL6,LCMV,IFNg,13,3,26,613,463184,0.04241435562805873,9.056269779231856,0.19552207717088363,2
C57BL6,TB,no_treatment,14,0,31,667,579415,0.046476761619190406,5.116841216201482,0.08831047204855727,2
C57BL6,TB,LPS,14,1,23,382,131911,0.060209424083769635,8.364998728503835,0.6341395887002474,2
C57BL6,TB,PolyIC,14,2,38,681,617348,0.055800293685756244,5.735709459347833,0.09290885301884565,2
C57BL6,TB,IFNg,14,3,47,710,571150,0.06619718309859154,9.514815647412279,0.1665904866919772,2
C57BL6,MCMV,no_treatment,15,0,10,329,381531,0.030395136778115502,6.900915038564314,0.18087429431853017,2
C57BL6,MCMV,LPS,15,1,14,213,116526,0.06572769953051644,5.826962405165151,0.5000568461257703,2
C57BL6,MCMV,PolyIC,15,2,19,360,408679,0.05277777777777778,4.850897625147978,0.11869701220635212,2
C57BL6,MCMV,IFNg,15,3,19,374,371613,0.05080213903743316,12.4636825837635,0.3353941488527985,2
