gene,treatment_group,mean_log1p,z
Ccl3,no_treatment,0.4549946123261469,-0.7332144970724694
Slpi,no_treatment,1.3366568386453763,-0.28484616961147263
Srgn,no_treatment,1.504883842736577,-1.3447768000682274
Itgam,no_treatment,0.7921421096553436,-0.43932567918015586
Ptgr1,no_treatment,0.4244700842720999,-0.6159193815395663
Gpnmb,no_treatment,0.9908124672249745,-0.42306547992068616
Cdkn1a,no_treatment,0.8647858062075219,-0.711540978430923
Ccl4,no_treatment,0.49959721723984823,-0.5543492441905039
Gm20186,no_treatment,0.17913966175231044,-1.0914255727993942
S100a6,no_treatment,1.927234480306308,-0.8614879388010996
Ifitm6,no_treatment,0.11663652975101238,-0.7524870219914302
Hmox1,no_treatment,0.8710478987631554,-0.7717111696492487
S100a8,no_treatment,0.32621408458642304,-0.39383078453711007
Lilrb4a,no_treatment,1.4245312016595781,-0.23117876309775662
Ctsd,no_treatment,1.460209216502257,-0.18024443631455409
Nos2,no_treatment,0.4009534558001912,-0.8845146174322858
Plaur,no_treatment,0.5256780431292204,-0.4429042155281746
Lyz2,no_treatment,2.709146247368267,0.3437933144755143
Atxn1,no_treatment,0.47358139309645764,-0.8863376013755433
Spink5,no_treatment,0.19080517417119086,-0.31175360626759135
Gm56906,no_treatment,0.11432561936587493,-1.243829197722127
Stfa3,no_treatment,0.42915470921873106,-0.9241206364501132
Lcn2,no_treatment,0.01244477121721749,-0.87100511272308
Cd37,no_treatment,0.1508589859630965,-1.1003626870413774
Cd14,no_treatment,0.5327999529757638,-0.7527185331777844
Cd74,no_treatment,1.6983867445163732,-0.4087157605489812
Ly6a,no_treatment,2.0214694706305045,-0.4136936381533534
Gbp4,no_treatment,0.23274073062507572,-0.6129287703150138
H2-Aa,no_treatment,0.017125466699890006,-0.6655717854541651
H2-Eb1,no_treatment,0.009503978182339284,-0.7076879384290746
H2-Ab1,no_treatment,0.007846754825467319,-0.6982943477468061
Cxcl9,no_treatment,1.150630148891999,0.06556796433489458
H2-DMb1,no_treatment,0.07668767397670172,-0.7866882690963373
Selenom,no_treatment,0.3503207241386131,-0.38297832177900554
Itgb7,no_treatment,0.14982790432790288,-1.3794802362792253
H2-DMa,no_treatment,0.09500139564098796,-0.9195389831798706
Id3,no_treatment,0.0991574385256487,-0.3262530352460445
Asb11,no_treatment,0.06921241371391705,-0.7019567329243006
Arhgef3,no_treatment,0.05336805333372309,-1.2685293435720348
Trf,no_treatment,0.10990286803251072,-1.389542412917284
Ly6c1,no_treatment,0.2228840912268982,-0.2541093281353923
Ciita,no_treatment,0.022914793730581782,-0.4069829987589357
Isg20,no_treatment,0.05158524245555628,-0.8494933135150531
Ccl3,LPS,1.1336647061666365,1.4138881926778126
Slpi,LPS,1.9916746587238032,1.3420676132987626
Srgn,LPS,1.9373688769938864,1.0514418507487777
Itgam,LPS,1.1912873941495983,1.3838126197771774
Ptgr1,LPS,0.8390735232005305,1.4104489136572174
Gpnmb,LPS,1.503530407135502,1.3801908164628802
Cdkn1a,LPS,1.2562795127299584,1.4142042741118876
Ccl4,LPS,0.9715529401522173,1.4039055955751962
Gm20186,LPS,0.45751563877086343,1.3245533761737764
S100a6,LPS,2.279903018317144,1.4020209116138294
Ifitm6,LPS,0.35478655018543365,1.413221071650164
Hmox1,LPS,1.2950569953453963,1.4121822399295874
S100a8,LPS,0.7194297134949107,1.373211692043048
Lilrb4a,LPS,1.7748607597315322,1.32385975055552
Ctsd,LPS,1.8298092894026625,1.304878966392592
Nos2,LPS,0.7147882772351225,1.3978855934908572
Plaur,LPS,0.8616632284699923,1.384584469922638
Lyz2,LPS,3.1658494113187716,1.0161078114791984
Atxn1,LPS,0.7903094394815691,1.397529446508253
Spink5,LPS,0.4585090809558183,1.3504927526064132
Gm56906,LPS,0.32375564347601327,1.2047239117331616
Stfa3,LPS,0.8879958354984729,1.3891529710733457
Lcn2,LPS,0.17769368955244197,1.4003924828338246
Cd37,LPS,0.3488185932669513,1.3195326727099674
Cd14,LPS,0.8163777736938503,1.4132108024212953
Cd74,LPS,1.4241790795955491,-0.9681239192896437
Ly6a,LPS,1.7744623407849507,-0.9643248934888141
Gbp4,LPS,0.19737942570473666,-0.7972741445179298
H2-Aa,LPS,0.010446882227858743,-0.7478438536733742
H2-Eb1,LPS,0.009571849917797694,-0.7065254646864519
H2-Ab1,LPS,0.0069102579991983624,-0.7158827566584326
Cxcl9,LPS,0.605239967343462,-1.2562118024902216
H2-DMb1,LPS,0.08602467648897463,-0.6244186941352412
Selenom,LPS,0.2994367156236179,-0.9874916293634608
Itgb7,LPS,0.22690692863463882,0.41997038617129223
H2-DMa,LPS,0.11164095291793721,-0.4707336216823401
Id3,LPS,0.0639845208065671,-1.0285820112314785
Asb11,LPS,0.06889061795695042,-0.7122443565957608
Arhgef3,LPS,0.08764566390637972,0.09285449606660258
Trf,LPS,0.1965817363694183,0.9225406337925319
Ly6c1,LPS,0.1677944662488635,-1.0777570793245803
Ciita,LPS,0.011280188575051064,-0.9694422707204843
Isg20,LPS,0.05716240570269236,-0.5544217826439448
Ccl3,IFNg,0.4716020483991261,-0.6806736956053425
Slpi,IFNg,1.0256879516508692,-1.0572214436872893
Srgn,IFNg,1.8005408420716238,0.29333494931944853
Itgam,IFNg,0.681545598398339,-0.9444869405970205
Ptgr1,IFNg,0.38792569950614725,-0.7945295321176512
Gpnmb,IFNg,0.8389637976681058,-0.9571253365421938
Cdkn1a,IFNg,0.8664207890075326,-0.7026632956809635
Ccl4,IFNg,0.42844984619524396,-0.8495563513846922
Gm20186,IFNg,0.27803517582046133,-0.23312780337438166
S100a6,IFNg,1.977241229165138,-0.5405329728127226
Ifitm6,IFNg,0.12672605765188868,-0.6607340496587341
Hmox1,IFNg,0.8965285361077714,-0.6404710702803381
S100a8,IFNg,0.19591305169544312,-0.9793809075059374
Lilrb4a,IFNg,1.2304461736116237,-1.0926809874577605
Ctsd,IFNg,1.2251804997874391,-1.124634530078038
Nos2,IFNg,0.4519864857919466,-0.5133709760585721
Plaur,IFNg,0.4339776888691959,-0.941680254394463
Lyz2,IFNg,1.5518268011610765,-1.3599011259547122
Atxn1,IFNg,0.5256068306518331,-0.5111918451327089
Spink5,IFNg,0.07372453313743156,-1.0387391463388218
Gm56906,IFNg,0.22405777049536973,0.03910528598896637
Stfa3,IFNg,0.5202155300343092,-0.4650323346232332
Lcn2,IFNg,0.037298175377385466,-0.5293873701107448
Cd37,IFNg,0.22294497944204777,-0.21916998566859042
Cd14,IFNg,0.5448748265690974,-0.6604922692435125
Cd74,IFNg,2.5736206506459762,1.3768396798386249
Ly6a,IFNg,2.8252118595381535,1.3780185316421656
Gbp4,IFNg,0.6208197736813383,1.4102029148329427
H2-Aa,IFNg,0.1858910445186544,1.4134156391275396
H2-Eb1,IFNg,0.13339247668488455,1.4142134031155267
H2-Ab1,IFNg,0.12032553675874572,1.414177104405239
Cxcl9,IFNg,1.614856754926883,1.1906438381553262
H2-DMb1,IFNg,0.20314896291904985,1.4111069632315791
Selenom,IFNg,0.4979146244391035,1.3704699511424663
Itgb7,IFNg,0.25001796871340554,0.9595098501079331
H2-DMa,IFNg,0.18063816720259243,1.3902726048622112
Id3,IFNg,0.18334700609123078,1.3548350464775223
Asb11,IFNg,0.13540560176991803,1.4142010895200627
Arhgef3,IFNg,0.11490946214319402,1.1756748475054313
Trf,IFNg,0.17950380637798327,0.4670017791247533
Ly6c1,IFNg,0.32896197266597793,1.3318664074599713
Ciita,IFNg,0.05980502217272322,1.3764252694794203
Isg20,IFNg,0.09417703884512807,1.4039150961589972
