gene,no_treatment,LPS,PolyIC,IFNg
Cd40,0.7592393007273288,-1.375643418954813,1.1270988321057622,-0.510694713878278
Cd80,-0.7973617927724255,1.694191335988403,-0.6626322705384966,-0.23419727267748106
Cd83,-0.14083482982229997,1.3150200100934624,0.29651719505766305,-1.4707023753288255
Cd86,-1.290217246196628,1.001834645300554,-0.6589539351234975,0.9473365360195714
Cd274,-0.004592423131633136,0.6322470353958449,0.9906395274314533,-1.6182941396956652
Pdcd1lg2,-1.713820171638274,0.3830105971585107,0.5417192181816167,0.7890903562981466
Icosl,0.1548574500646731,1.0767729314127654,-1.6302417593101208,0.3986113778326823
Tnfsf4,-0.5773502691896257,-0.5773502691896257,1.7320508075688772,-0.5773502691896257
Tnfsf9,0.8805787601393621,-1.3380880130916137,1.0440595259289311,-0.5865502729766794
Tnfsf18,-0.7241956628511936,-1.2163832200788232,1.2080175460101361,0.7325613369198806
Havcr2,-0.4740047339457213,1.7110034404840029,-0.4151476396542061,-0.8218510668840755
Lgals9,-0.906025649759573,1.690468495278247,-0.4751626655361528,-0.30928017998252133
Relb,0.5312128493794991,-1.7286901829089751,0.6776917477996645,0.5197855857298115
Nfkb1,-0.5781991668167344,1.7022988743478122,-0.3012202257984711,-0.8228794817326067
Nfkb2,-0.3379925891939359,0.750140891941803,1.0663480545305692,-1.4784963572784364
H2-Aa,-0.5518856709157883,-0.6324618399040033,-0.5467017237603589,1.7310492345801505
H2-Ab1,-0.5801942982013305,-0.5949520520282539,-0.5567436865745476,1.7318900368041321
H2-Eb1,-0.603303731734836,-0.5857279908330278,-0.5425965142958027,1.7316282368636666
H2-DMa,-0.8111065846230923,-0.2469570629594267,-0.6374519901272413,1.6955156377097602
H2-DMb1,-0.7582474934148178,-0.5455609527780422,-0.41521005226308866,1.7190184984559487
H2-DMb2,0.5661517969666797,1.0590746611128048,-1.5991094098821554,-0.026117048197328987
H2-Oa,-0.786079829615261,-0.11265235144310659,-0.7683219201187441,1.6670541011771116
H2-Ob,1.7320508075688772,-0.5773502691896257,-0.5773502691896257,-0.5773502691896257
Cd74,-0.3375968426410622,-0.9530120850816792,-0.39030179224377526,1.6809107199665165
H2-K1,-0.7849170132032396,-0.315439970375534,-0.6071914062592662,1.7075483898380397
H2-D1,-0.4327331391266407,-0.8574633994405672,-0.41442874661925344,1.7046252851864612
B2m,-0.5948228934168576,-0.4616593964043289,-0.6707123389297682,1.7271946287509548
Tap1,0.9137311276490707,-1.6505598247412607,0.6593519938293834,0.07747670326280659
Tap2,0.4625327497163117,-1.6253015484395357,1.0653485986769078,0.09742020004631617
Tapbp,0.068335827511313,-1.5843474625831142,0.3481108958497118,1.1679007392220893
Psmb8,-0.3729185341893935,-1.2606926213457963,0.1322461655914898,1.5013649899437
Psmb9,0.45780010600104204,-1.7204253213388085,0.5019979537461312,0.7606272615916352
Psmb10,-0.878885472674477,1.5784611723827757,-0.8454276249885587,0.14585192528026003
Ciita,-0.3453351579874443,-0.924524113439656,-0.41857107802890453,1.6884303494560047
Nlrc5,-0.6217224793066121,1.5206182260684977,-1.1192144698531132,0.2203187230912276
Ctss,-0.7759759260066813,-0.24840631259767335,-0.673447143562105,1.6978293821664596
Ctsb,0.08095603364991921,0.8881445836903361,0.6848656386755037,-1.6539662560157589
Ctsc,0.38625066782490775,-1.68586544585771,0.36330360681870244,0.9363111712140998
Ctsd,-0.22048311775617702,1.5039838753482992,0.016175376934420983,-1.299676134526543
Ctsl,0.38189610464665175,0.6883156534093344,0.6497359507085234,-1.7199477087645096
Lamp1,-0.9290088142055933,1.6830542261992585,-0.47696982483170336,-0.2770755871619619
Lamp2,-0.9989662813554356,1.5528219861252883,0.19074306678139988,-0.7445987715512524
Il23a,-0.6358194336232798,1.537690356578325,-1.0930244094734771,0.19115348651843161
Il27,-0.3966412726897513,1.7214262504188371,-0.6320630760803385,-0.6927219016487474
Ebi3,-0.4942368294872367,1.6472079023186583,-1.011091642864038,-0.1418794299673838
Il6,-0.4817365524161892,1.711945660378566,-0.8156846194417995,-0.4145244885205775
Il1a,-0.7601115686446059,1.7122798821524947,-0.6121278257801919,-0.340040487727697
Il1b,-0.6998829353594775,1.6937553517113204,-0.7684739544924681,-0.2253984618593747
Tnf,-0.5776114913250499,1.7311360116462526,-0.5308075825987529,-0.6227169377224498
Tnfsf15,-0.7461474274934023,-0.7461474274934023,-0.19540874867982816,1.6877036036666329
Il10,-0.5829827040123551,1.5551602938724363,0.1340091788095785,-1.1061867686696596
Il18,1.2965667721580199,-0.7389816202503009,0.620476618852122,-1.178061770759841
Csf2,-0.5773502691896257,-0.5773502691896257,-0.5773502691896257,1.7320508075688772
Csf3,-0.4887951942020919,1.7287049577171105,-0.6645099962747405,-0.5753997672402781
Nos2,-0.7185322497631,1.709804411215063,-0.6813374975286913,-0.3099346639232716
Ptgs2,-0.5185299291400519,-0.9432807408895144,-0.21061018236843992,1.6724208523980062
Ccl2,-0.17487712429518817,1.496917981800292,-0.007277921068995436,-1.3147629364361084
Ccl3,-0.6265164637415375,1.7312190842255786,-0.543032962164325,-0.5616696583197162
Ccl4,-0.48710718279090043,1.711701448023408,-0.40859491357101735,-0.8159993516614903
Ccl5,-0.9409289084118063,1.653981966267732,-0.606300539702954,-0.10675251815297165
Ccl7,-0.4839747331340934,1.691800890928495,-0.30882310158931114,-0.8990030562050904
Ccl8,-1.1375469840696353,0.5936525750204356,-0.778208239947359,1.3221026489965586
Ccl19,-0.0013241726613387917,-0.8160549514285378,1.6334340755184142,-0.8160549514285378
Ccl22,-0.20664785304923494,-1.2622817601882625,1.5360458438205815,-0.06711623058308407
Cxcl2,-0.5224032668375854,1.7290901618911743,-0.6715175170163612,-0.5351693780372277
Cxcl3,-0.5773502691896257,-0.5773502691896257,1.7320508075688774,-0.5773502691896257
Cxcl9,0.05640160924081254,-1.451270193829617,0.020011049837957966,1.3748575347508465
Cxcl10,0.6904727308365759,-1.6779306145732267,0.8255871379191112,0.16187074581753952
Cxcl11,0.6472111758194378,-1.7211471087769592,0.6820560945155935,0.3918798384419279
Cxcl16,1.1594013202807285,-1.1862928881419421,0.8034255886927719,-0.7765340208315583
Ccr7,0.7626211293118795,1.1285134845346987,-0.5232692696876763,-1.367865344158902
Xcr1,1.017586203845432,-1.1915166483418855,0.9615166771970467,-0.7875862327005931
Fscn1,-0.9969378074413474,-0.9969378074413474,1.107527211038969,0.8863484038437259
Stat1,0.5432929477099443,-1.684270001105994,0.24097902899356535,0.8999980244024841
Stat2,0.38111288723486775,-0.8693717976283527,-0.976474342700559,1.464733253094044
Irf1,0.9686699377844035,-1.6693026703852112,0.4721031334011967,0.22852959919961094
Irf3,-0.2982235152331218,1.6965862271493184,-0.5334273638939089,-0.8649353480222877
Irf5,0.4153218647739165,-1.7207150746601834,0.5671932007146151,0.7382000091716517
Irf7,-0.5763370484354731,-1.2790196873694302,0.533489366677291,1.3218673691276124
Irf8,-1.1312810415730652,0.7995614552398674,-0.8405908370914214,1.172310423424619
Irf9,0.6054184743835439,-0.7948801217825958,-1.1266794687395887,1.3161411161386405
Isg15,0.6918615570172768,-1.5129986350668903,1.0795340335510295,-0.2583969555014161
Ifit1,0.9646656091808807,-0.5919787523016332,0.9646417305962816,-1.337328587475529
Ifit2,0.5312254450970466,-0.7748624079625532,1.3643377549997178,-1.1207007921342111
Ifit3,-0.7064078171271103,0.08513451342210564,1.5953058410949756,-0.9740325373899709
Ifitm1,-1.0238381082710288,-0.6602431142015097,0.10117295225148372,1.5829082702210548
Ifitm2,-0.5120872782184595,1.7116560091255253,-0.3894064248011249,-0.810162306105941
Ifitm3,-0.7129168555122537,1.7225767078545788,-0.5907733202379497,-0.41888653210437543
Oas1a,-0.22539637130795534,-1.5020374247029273,0.5466472756882599,1.1807865203226229
Oas1g,-1.69898055252768,0.43804201859468667,0.3788730836690464,0.8820654502639469
Oas2,0.8905038737392156,0.8421887426603574,-0.16043940175644428,-1.5722532146431287
Oas3,-0.13394953200233553,-1.439883287965755,0.2079868947108446,1.365845925257246
Mx1,0.4086802393910476,-1.6933058069566922,0.37720480423831254,0.9074207633273321
Mx2,0.4376011446260372,0.8235972299273225,0.44988268926961467,-1.7110810638229745
Rsad2,-1.1403407621153439,0.8305517351683495,1.145304060292049,-0.8355150333450545
Rigi,1.413435343780079,0.10279001479766743,-1.407021406620413,-0.10920395195733366
Ifih1,-0.34728262026850437,-1.3494920849509373,0.29217530034100503,1.4045994048784367
Usp18,-0.30435184838891316,-1.4959914597383133,1.056315003606653,0.7440283045205734
Gbp2,0.7578990766712976,-1.6236188073685645,0.8882254502804553,-0.022505719583188505
Gbp3,-1.0607969932205799,-0.17022175280534133,-0.4062613247251471,1.6372800707510682
Gbp4,-0.5891631709103297,-0.775424888177849,-0.34740318695555594,1.7119912460437348
Gbp5,0.5822581440939298,-1.4310270448079276,1.215880731856463,-0.3671118311424653
Tlr2,-0.15923338958192818,0.47685144137312235,1.2007528184297738,-1.5183708702209682
Tlr3,1.5818172196599765,-0.40657641098616915,-1.1541689134827025,-0.021071895191105014
Tlr4,0.4411851931277902,0.6239589821868549,0.6609028297183591,-1.7260470050330041
Tlr7,-0.2754552492070216,1.2575460975663464,0.4734365613867817,-1.4555274097461066
Tlr9,0.4919510913390463,0.1304997895856196,1.0205461951919341,-1.6429970761166
Cd14,-0.6014648919635858,1.7282974883877344,-0.6538373278066518,-0.47299526861749686
Ly96,-0.0947973557347154,1.007053280045046,0.6754089830606267,-1.5876649073709572
Myd88,0.5774738150752541,-1.7320000709058323,0.5664393212019476,0.5880869346286307
Ticam1,-1.358626344561235,1.4095681126865642,-0.3135287425664255,0.2625869744410962
Traf6,-0.8767505657873664,-0.7762917582042648,1.6210037260215586,0.0320385979700725
Map3k8,0.6712295383082275,-1.7290132837481804,0.5129114868302329,0.54487225860972
Nlrp3,-0.3756322825692526,1.7140902061131418,-0.7811672194189829,-0.5572907041249063
Nod1,-1.2416913768757825,1.036634933473699,-0.7228706112288175,0.9279270546309007
Nod2,-0.6931572551247646,1.7203156385449017,-0.6410938009331183,-0.38606458248701886
Rela,-1.1951260619477484,1.5182748741675283,0.165765268467846,-0.4889140806876259
Rel,-0.9769033278195456,1.1365621546491413,-1.0128730582198242,0.8532142313902286
Nfkbia,0.7943896151394554,-1.554426176484963,0.956159154906641,-0.19612259356113346
Nfkbiz,-1.046472606219279,0.6088444452042856,-0.8853698539707748,1.3229980149857685
Tnfaip3,0.99696284842602,-1.0137023600212793,1.0029381291439123,-0.9861986175486531
Jun,-0.011002798547181206,1.521824700695966,-0.2345284745168068,-1.276293427631978
Junb,0.09481287175174995,1.0335663534267214,0.5049528649382432,-1.6333320901167145
Fos,-0.024606665570490585,1.587110914574284,-0.4208608837847928,-1.1416433652190008
Fosb,1.077684779625526,-1.536295550316372,0.6612947245337711,-0.20268395384292512
Atf3,1.1739896153009053,-1.3943134941220332,0.6817242533735498,-0.4614003745524219
Dusp1,-1.2667582263142358,1.535746987916655,-0.1522046636325318,-0.11678409796988731
Dusp2,-0.8330107486587409,0.3472251692373963,-0.9955606732584051,1.4813462526797496
Lcn2,-0.702413798814022,1.713965846517338,-0.6750644753204077,-0.3364875723829082
Slpi,-0.23020535793404157,1.6231852446010475,-0.2829209209451691,-1.110058965721837
S100a8,-0.39080855477385823,1.6351208090995912,-0.1752265353743653,-1.0690857189513676
Sod2,0.7863815148387385,-1.4356325268188916,1.0695415827332586,-0.4202905707531056
Hmox1,-0.6067430931192591,1.7263918255328916,-0.6707915723705216,-0.448857160043111
Lyz2,0.2697233487623147,1.0258204194091576,0.36111982334170006,-1.6566635915131722
Lpl,0.8857182765759235,-1.6633346753121694,0.6594345660175791,0.11818183271866683
Srgn,-0.8963255233009297,1.3153605358744174,-1.039768084745515,0.6207330721720273
Apoe,0.5835679594825283,-1.5922057850750484,1.0591405251325783,-0.05050269954005808
Trem1,-0.7577531111643105,1.5472155820492544,-0.9948598336266089,0.20539736274166506
Trem2,1.0323255792414363,-0.708975095730089,0.9290539740639158,-1.252404457575263
Tyrobp,0.7781880116477656,0.10187305968465546,0.7840592391462415,-1.6641203104786626
Lgals3,0.17064330643933134,0.9305426263187453,0.5671427030256575,-1.6683286357837341
Axl,0.6682165273278593,1.1229521311893058,-0.308931705452892,-1.4822369530642732
Mertk,-0.19797046353627964,-1.53995905321995,1.067879699203175,0.6700498175530548
Socs1,0.560977418590213,-1.720741782772218,0.7408563456087943,0.4189080185732106
Socs3,-0.057519835049986034,1.4397013504248595,0.0048756996359991325,-1.3870572150108726
Birc2,1.6324075273929313,-0.09270622024779926,-1.0356618305629701,-0.504039476582162
Birc3,0.8371981157783506,-1.3834916953928729,1.059223028524636,-0.5129294489101137
Serpinb9,0.5663558477446148,-1.705066297571637,0.8180108405128766,0.3206996093141456
Itgax,-0.9115732271259985,1.625015338867398,-0.7267613081607407,0.013319196419341253
Flt3,0.8883278619362777,-1.2155769515415777,-0.7528088410102133,1.0800579306155134
Zbtb46,0.6562180597648639,-0.4484837371004409,-1.397440394896596,1.1897060722321733
Batf3,0.7792975243620714,-1.6944620119926679,0.6842216476342505,0.23094283999634602
Clec9a,-0.08741049166647175,-1.2463459894042306,-0.213328526435786,1.5470850075064884
Clec10a,-0.6979148579832252,1.6023800243183626,0.06558229210877702,-0.9700474584439144
Sirpa,0.5275295135685961,0.36601834347390444,0.8158680037267795,-1.70941586076928
Itgae,-0.8211920857352223,1.6996358039385824,-0.5989873266946703,-0.2794563915086898
Ly75,-0.2853019259360647,0.8922676189113496,0.9085933951479568,-1.5155590881232417
Ccr2,0.6649896519769348,0.10376007416819502,0.8906809276770202,-1.6594306538221502
Csf1r,0.8508886685634582,-1.1749583568727195,1.1219699335968372,-0.7979002452875757
