CellBC,t_cell_type,fingerprint_level,sample_group,PeptideBC_Name,UMI,proportion
CCCACGAAGCCAGAGA-1,OTI,high,OTI_high,N4,0,0.0
CCCACGAAGCCAGAGA-1,OTI,high,OTI_high,A2,0,0.0
CCCACGAAGCCAGAGA-1,OTI,high,OTI_high,Y3,0,0.0
CCCACGAAGCCAGAGA-1,OTI,high,OTI_high,Q4,0,0.0
CCCACGAAGCCAGAGA-1,OTI,high,OTI_high,T4,0,0.0
CCCACGAAGCCAGAGA-1,OTI,high,OTI_high,V4,10,0.37037037037037035
CCCACGAAGCCAGAGA-1,OTI,high,OTI_high,G4,0,0.0
CCCACGAAGCCAGAGA-1,OTI,high,OTI_high,D4,0,0.0
CCCACGAAGCCAGAGA-1,OTI,high,OTI_high,Q4R7,0,0.0
CCCACGAAGCCAGAGA-1,OTI,high,OTI_high,Q4H7,0,0.0
CCCACGAAGCCAGAGA-1,OTI,high,OTI_high,Q7,3,0.1111111111111111
CCCACGAAGCCAGAGA-1,OTI,high,OTI_high,E1,0,0.0
CCCACGAAGCCAGAGA-1,OTI,high,OTI_high,CATNB,14,0.5185185185185185
CCCACGAAGCCAGAGA-1,OTI,high,OTI_high,LCMV,0,0.0
CCCACGAAGCCAGAGA-1,OTI,high,OTI_high,TB,0,0.0
CCCACGAAGCCAGAGA-1,OTI,high,OTI_high,MCMV,0,0.0
AAATCAGAGCACTTTC-1,OTI,high,OTI_high,N4,0,0.0
AAATCAGAGCACTTTC-1,OTI,high,OTI_high,A2,17,0.11333333333333333
AAATCAGAGCACTTTC-1,OTI,high,OTI_high,Y3,0,0.0
AAATCAGAGCACTTTC-1,OTI,high,OTI_high,Q4,98,0.6533333333333333
AAATCAGAGCACTTTC-1,OTI,high,OTI_high,T4,8,0.05333333333333334
AAATCAGAGCACTTTC-1,OTI,high,OTI_high,V4,0,0.0
AAATCAGAGCACTTTC-1,OTI,high,OTI_high,G4,0,0.0
AAATCAGAGCACTTTC-1,OTI,high,OTI_high,D4,0,0.0
AAATCAGAGCACTTTC-1,OTI,high,OTI_high,Q4R7,4,0.02666666666666667
AAATCAGAGCACTTTC-1,OTI,high,OTI_high,Q4H7,0,0.0
AAATCAGAGCACTTTC-1,OTI,high,OTI_high,Q7,16,0.10666666666666667
AAATCAGAGCACTTTC-1,OTI,high,OTI_high,E1,0,0.0
AAATCAGAGCACTTTC-1,OTI,high,OTI_high,CATNB,0,0.0
AAATCAGAGCACTTTC-1,OTI,high,OTI_high,LCMV,0,0.0
AAATCAGAGCACTTTC-1,OTI,high,OTI_high,TB,0,0.0
AAATCAGAGCACTTTC-1,OTI,high,OTI_high,MCMV,7,0.04666666666666667
AATTATGTCCACCAAA-1,OTI,high,OTI_high,N4,0,0.0
AATTATGTCCACCAAA-1,OTI,high,OTI_high,A2,73,0.6822429906542056
AATTATGTCCACCAAA-1,OTI,high,OTI_high,Y3,0,0.0
AATTATGTCCACCAAA-1,OTI,high,OTI_high,Q4,14,0.1308411214953271
AATTATGTCCACCAAA-1,OTI,high,OTI_high,T4,10,0.09345794392523364
AATTATGTCCACCAAA-1,OTI,high,OTI_high,V4,0,0.0
AATTATGTCCACCAAA-1,OTI,high,OTI_high,G4,7,0.06542056074766354
AATTATGTCCACCAAA-1,OTI,high,OTI_high,D4,0,0.0
AATTATGTCCACCAAA-1,OTI,high,OTI_high,Q4R7,0,0.0
AATTATGTCCACCAAA-1,OTI,high,OTI_high,Q4H7,3,0.028037383177570093
AATTATGTCCACCAAA-1,OTI,high,OTI_high,Q7,0,0.0
AATTATGTCCACCAAA-1,OTI,high,OTI_high,E1,0,0.0
AATTATGTCCACCAAA-1,OTI,high,OTI_high,CATNB,0,0.0
AATTATGTCCACCAAA-1,OTI,high,OTI_high,LCMV,0,0.0
AATTATGTCCACCAAA-1,OTI,high,OTI_high,TB,0,0.0
AATTATGTCCACCAAA-1,OTI,high,OTI_high,MCMV,0,0.0
AGACGGGGTATCAGTA-1,OTI,high,OTI_high,N4,0,0.0
AGACGGGGTATCAGTA-1,OTI,high,OTI_high,A2,4,0.06451612903225806
AGACGGGGTATCAGTA-1,OTI,high,OTI_high,Y3,1,0.016129032258064516
AGACGGGGTATCAGTA-1,OTI,high,OTI_high,Q4,0,0.0
AGACGGGGTATCAGTA-1,OTI,high,OTI_high,T4,1,0.016129032258064516
AGACGGGGTATCAGTA-1,OTI,high,OTI_high,V4,0,0.0
AGACGGGGTATCAGTA-1,OTI,high,OTI_high,G4,56,0.9032258064516129
AGACGGGGTATCAGTA-1,OTI,high,OTI_high,D4,0,0.0
AGACGGGGTATCAGTA-1,OTI,high,OTI_high,Q4R7,0,0.0
AGACGGGGTATCAGTA-1,OTI,high,OTI_high,Q4H7,0,0.0
AGACGGGGTATCAGTA-1,OTI,high,OTI_high,Q7,0,0.0
AGACGGGGTATCAGTA-1,OTI,high,OTI_high,E1,0,0.0
AGACGGGGTATCAGTA-1,OTI,high,OTI_high,CATNB,0,0.0
AGACGGGGTATCAGTA-1,OTI,high,OTI_high,LCMV,0,0.0
AGACGGGGTATCAGTA-1,OTI,high,OTI_high,TB,0,0.0
AGACGGGGTATCAGTA-1,OTI,high,OTI_high,MCMV,0,0.0
ACAAGTAAGAAGTAGC-1,OTI,high,OTI_high,N4,0,0.0
ACAAGTAAGAAGTAGC-1,OTI,high,OTI_high,A2,0,0.0
ACAAGTAAGAAGTAGC-1,OTI,high,OTI_high,Y3,0,0.0
ACAAGTAAGAAGTAGC-1,OTI,high,OTI_high,Q4,0,0.0
ACAAGTAAGAAGTAGC-1,OTI,high,OTI_high,T4,24,0.42857142857142855
ACAAGTAAGAAGTAGC-1,OTI,high,OTI_high,V4,0,0.0
ACAAGTAAGAAGTAGC-1,OTI,high,OTI_high,G4,0,0.0
ACAAGTAAGAAGTAGC-1,OTI,high,OTI_high,D4,0,0.0
ACAAGTAAGAAGTAGC-1,OTI,high,OTI_high,Q4R7,0,0.0
ACAAGTAAGAAGTAGC-1,OTI,high,OTI_high,Q4H7,24,0.42857142857142855
ACAAGTAAGAAGTAGC-1,OTI,high,OTI_high,Q7,0,0.0
ACAAGTAAGAAGTAGC-1,OTI,high,OTI_high,E1,0,0.0
ACAAGTAAGAAGTAGC-1,OTI,high,OTI_high,CATNB,0,0.0
ACAAGTAAGAAGTAGC-1,OTI,high,OTI_high,LCMV,8,0.14285714285714285
ACAAGTAAGAAGTAGC-1,OTI,high,OTI_high,TB,0,0.0
ACAAGTAAGAAGTAGC-1,OTI,high,OTI_high,MCMV,0,0.0
CTCTGGCTCACATGTG-1,OTI,high,OTI_high,N4,0,0.0
CTCTGGCTCACATGTG-1,OTI,high,OTI_high,A2,0,0.0
CTCTGGCTCACATGTG-1,OTI,high,OTI_high,Y3,6,0.058823529411764705
CTCTGGCTCACATGTG-1,OTI,high,OTI_high,Q4,0,0.0
CTCTGGCTCACATGTG-1,OTI,high,OTI_high,T4,0,0.0
CTCTGGCTCACATGTG-1,OTI,high,OTI_high,V4,0,0.0
CTCTGGCTCACATGTG-1,OTI,high,OTI_high,G4,0,0.0
CTCTGGCTCACATGTG-1,OTI,high,OTI_high,D4,0,0.0
CTCTGGCTCACATGTG-1,OTI,high,OTI_high,Q4R7,8,0.0784313725490196
CTCTGGCTCACATGTG-1,OTI,high,OTI_high,Q4H7,0,0.0
CTCTGGCTCACATGTG-1,OTI,high,OTI_high,Q7,0,0.0
CTCTGGCTCACATGTG-1,OTI,high,OTI_high,E1,0,0.0
CTCTGGCTCACATGTG-1,OTI,high,OTI_high,CATNB,0,0.0
CTCTGGCTCACATGTG-1,OTI,high,OTI_high,LCMV,8,0.0784313725490196
CTCTGGCTCACATGTG-1,OTI,high,OTI_high,TB,0,0.0
CTCTGGCTCACATGTG-1,OTI,high,OTI_high,MCMV,80,0.7843137254901961
ATCATCACACGCTCAA-1,OTI,high,OTI_high,N4,11,0.10891089108910891
ATCATCACACGCTCAA-1,OTI,high,OTI_high,A2,0,0.0
ATCATCACACGCTCAA-1,OTI,high,OTI_high,Y3,0,0.0
ATCATCACACGCTCAA-1,OTI,high,OTI_high,Q4,0,0.0
ATCATCACACGCTCAA-1,OTI,high,OTI_high,T4,0,0.0
ATCATCACACGCTCAA-1,OTI,high,OTI_high,V4,1,0.009900990099009901
ATCATCACACGCTCAA-1,OTI,high,OTI_high,G4,0,0.0
ATCATCACACGCTCAA-1,OTI,high,OTI_high,D4,0,0.0
ATCATCACACGCTCAA-1,OTI,high,OTI_high,Q4R7,0,0.0
ATCATCACACGCTCAA-1,OTI,high,OTI_high,Q4H7,0,0.0
ATCATCACACGCTCAA-1,OTI,high,OTI_high,Q7,0,0.0
ATCATCACACGCTCAA-1,OTI,high,OTI_high,E1,3,0.0297029702970297
ATCATCACACGCTCAA-1,OTI,high,OTI_high,CATNB,0,0.0
ATCATCACACGCTCAA-1,OTI,high,OTI_high,LCMV,86,0.8514851485148515
ATCATCACACGCTCAA-1,OTI,high,OTI_high,TB,0,0.0
ATCATCACACGCTCAA-1,OTI,high,OTI_high,MCMV,0,0.0
AAACCGCTCCTGGTCC-1,OTI,high,OTI_high,N4,5,0.005733944954128441
AAACCGCTCCTGGTCC-1,OTI,high,OTI_high,A2,0,0.0
AAACCGCTCCTGGTCC-1,OTI,high,OTI_high,Y3,69,0.07912844036697247
AAACCGCTCCTGGTCC-1,OTI,high,OTI_high,Q4,325,0.37270642201834864
AAACCGCTCCTGGTCC-1,OTI,high,OTI_high,T4,23,0.026376146788990827
AAACCGCTCCTGGTCC-1,OTI,high,OTI_high,V4,0,0.0
AAACCGCTCCTGGTCC-1,OTI,high,OTI_high,G4,0,0.0
AAACCGCTCCTGGTCC-1,OTI,high,OTI_high,D4,0,0.0
AAACCGCTCCTGGTCC-1,OTI,high,OTI_high,Q4R7,0,0.0
AAACCGCTCCTGGTCC-1,OTI,high,OTI_high,Q4H7,0,0.0
AAACCGCTCCTGGTCC-1,OTI,high,OTI_high,Q7,439,0.5034403669724771
AAACCGCTCCTGGTCC-1,OTI,high,OTI_high,E1,0,0.0
AAACCGCTCCTGGTCC-1,OTI,high,OTI_high,CATNB,0,0.0
AAACCGCTCCTGGTCC-1,OTI,high,OTI_high,LCMV,0,0.0
AAACCGCTCCTGGTCC-1,OTI,high,OTI_high,TB,11,0.01261467889908257
AAACCGCTCCTGGTCC-1,OTI,high,OTI_high,MCMV,0,0.0
CTAAGCGGTGGACGGA-1,OTI,high,OTI_high,N4,2,0.016129032258064516
CTAAGCGGTGGACGGA-1,OTI,high,OTI_high,A2,0,0.0
CTAAGCGGTGGACGGA-1,OTI,high,OTI_high,Y3,14,0.11290322580645161
CTAAGCGGTGGACGGA-1,OTI,high,OTI_high,Q4,0,0.0
CTAAGCGGTGGACGGA-1,OTI,high,OTI_high,T4,0,0.0
CTAAGCGGTGGACGGA-1,OTI,high,OTI_high,V4,33,0.2661290322580645
CTAAGCGGTGGACGGA-1,OTI,high,OTI_high,G4,26,0.20967741935483872
CTAAGCGGTGGACGGA-1,OTI,high,OTI_high,D4,16,0.12903225806451613
CTAAGCGGTGGACGGA-1,OTI,high,OTI_high,Q4R7,0,0.0
CTAAGCGGTGGACGGA-1,OTI,high,OTI_high,Q4H7,33,0.2661290322580645
CTAAGCGGTGGACGGA-1,OTI,high,OTI_high,Q7,0,0.0
CTAAGCGGTGGACGGA-1,OTI,high,OTI_high,E1,0,0.0
CTAAGCGGTGGACGGA-1,OTI,high,OTI_high,CATNB,0,0.0
CTAAGCGGTGGACGGA-1,OTI,high,OTI_high,LCMV,0,0.0
CTAAGCGGTGGACGGA-1,OTI,high,OTI_high,TB,0,0.0
CTAAGCGGTGGACGGA-1,OTI,high,OTI_high,MCMV,0,0.0
GGGTCAGCAAAGTTCC-1,OTI,high,OTI_high,N4,0,0.0
GGGTCAGCAAAGTTCC-1,OTI,high,OTI_high,A2,0,0.0
GGGTCAGCAAAGTTCC-1,OTI,high,OTI_high,Y3,0,0.0
GGGTCAGCAAAGTTCC-1,OTI,high,OTI_high,Q4,0,0.0
GGGTCAGCAAAGTTCC-1,OTI,high,OTI_high,T4,6,0.09230769230769231
GGGTCAGCAAAGTTCC-1,OTI,high,OTI_high,V4,0,0.0
GGGTCAGCAAAGTTCC-1,OTI,high,OTI_high,G4,0,0.0
GGGTCAGCAAAGTTCC-1,OTI,high,OTI_high,D4,0,0.0
GGGTCAGCAAAGTTCC-1,OTI,high,OTI_high,Q4R7,0,0.0
GGGTCAGCAAAGTTCC-1,OTI,high,OTI_high,Q4H7,0,0.0
GGGTCAGCAAAGTTCC-1,OTI,high,OTI_high,Q7,4,0.06153846153846154
GGGTCAGCAAAGTTCC-1,OTI,high,OTI_high,E1,0,0.0
GGGTCAGCAAAGTTCC-1,OTI,high,OTI_high,CATNB,0,0.0
GGGTCAGCAAAGTTCC-1,OTI,high,OTI_high,LCMV,53,0.8153846153846154
GGGTCAGCAAAGTTCC-1,OTI,high,OTI_high,TB,0,0.0
GGGTCAGCAAAGTTCC-1,OTI,high,OTI_high,MCMV,2,0.03076923076923077
CCCAAGTAGATGGAGT-1,OTI,low,OTI_low,N4,0,0.0
CCCAAGTAGATGGAGT-1,OTI,low,OTI_low,A2,0,0.0
CCCAAGTAGATGGAGT-1,OTI,low,OTI_low,Y3,0,0.0
CCCAAGTAGATGGAGT-1,OTI,low,OTI_low,Q4,0,0.0
CCCAAGTAGATGGAGT-1,OTI,low,OTI_low,T4,1,0.14285714285714285
CCCAAGTAGATGGAGT-1,OTI,low,OTI_low,V4,0,0.0
CCCAAGTAGATGGAGT-1,OTI,low,OTI_low,G4,0,0.0
CCCAAGTAGATGGAGT-1,OTI,low,OTI_low,D4,0,0.0
CCCAAGTAGATGGAGT-1,OTI,low,OTI_low,Q4R7,0,0.0
CCCAAGTAGATGGAGT-1,OTI,low,OTI_low,Q4H7,0,0.0
CCCAAGTAGATGGAGT-1,OTI,low,OTI_low,Q7,0,0.0
CCCAAGTAGATGGAGT-1,OTI,low,OTI_low,E1,6,0.8571428571428571
CCCAAGTAGATGGAGT-1,OTI,low,OTI_low,CATNB,0,0.0
CCCAAGTAGATGGAGT-1,OTI,low,OTI_low,LCMV,0,0.0
CCCAAGTAGATGGAGT-1,OTI,low,OTI_low,TB,0,0.0
CCCAAGTAGATGGAGT-1,OTI,low,OTI_low,MCMV,0,0.0
CCGTAACAGGGGTGTA-1,OTI,low,OTI_low,N4,0,0.0
CCGTAACAGGGGTGTA-1,OTI,low,OTI_low,A2,0,0.0
CCGTAACAGGGGTGTA-1,OTI,low,OTI_low,Y3,0,0.0
CCGTAACAGGGGTGTA-1,OTI,low,OTI_low,Q4,0,0.0
CCGTAACAGGGGTGTA-1,OTI,low,OTI_low,T4,0,0.0
CCGTAACAGGGGTGTA-1,OTI,low,OTI_low,V4,0,0.0
CCGTAACAGGGGTGTA-1,OTI,low,OTI_low,G4,0,0.0
CCGTAACAGGGGTGTA-1,OTI,low,OTI_low,D4,0,0.0
CCGTAACAGGGGTGTA-1,OTI,low,OTI_low,Q4R7,0,0.0
CCGTAACAGGGGTGTA-1,OTI,low,OTI_low,Q4H7,0,0.0
CCGTAACAGGGGTGTA-1,OTI,low,OTI_low,Q7,0,0.0
CCGTAACAGGGGTGTA-1,OTI,low,OTI_low,E1,0,0.0
CCGTAACAGGGGTGTA-1,OTI,low,OTI_low,CATNB,4,1.0
CCGTAACAGGGGTGTA-1,OTI,low,OTI_low,LCMV,0,0.0
CCGTAACAGGGGTGTA-1,OTI,low,OTI_low,TB,0,0.0
CCGTAACAGGGGTGTA-1,OTI,low,OTI_low,MCMV,0,0.0
GTAGAACAGACGACAG-1,OTI,low,OTI_low,N4,0,0.0
GTAGAACAGACGACAG-1,OTI,low,OTI_low,A2,0,0.0
GTAGAACAGACGACAG-1,OTI,low,OTI_low,Y3,0,0.0
GTAGAACAGACGACAG-1,OTI,low,OTI_low,Q4,0,0.0
GTAGAACAGACGACAG-1,OTI,low,OTI_low,T4,0,0.0
GTAGAACAGACGACAG-1,OTI,low,OTI_low,V4,5,0.45454545454545453
GTAGAACAGACGACAG-1,OTI,low,OTI_low,G4,0,0.0
GTAGAACAGACGACAG-1,OTI,low,OTI_low,D4,0,0.0
GTAGAACAGACGACAG-1,OTI,low,OTI_low,Q4R7,0,0.0
GTAGAACAGACGACAG-1,OTI,low,OTI_low,Q4H7,0,0.0
GTAGAACAGACGACAG-1,OTI,low,OTI_low,Q7,6,0.5454545454545454
GTAGAACAGACGACAG-1,OTI,low,OTI_low,E1,0,0.0
GTAGAACAGACGACAG-1,OTI,low,OTI_low,CATNB,0,0.0
GTAGAACAGACGACAG-1,OTI,low,OTI_low,LCMV,0,0.0
GTAGAACAGACGACAG-1,OTI,low,OTI_low,TB,0,0.0
GTAGAACAGACGACAG-1,OTI,low,OTI_low,MCMV,0,0.0
CAAGAGTAGCCGTTGG-1,OTI,low,OTI_low,N4,0,0.0
CAAGAGTAGCCGTTGG-1,OTI,low,OTI_low,A2,0,0.0
CAAGAGTAGCCGTTGG-1,OTI,low,OTI_low,Y3,0,0.0
CAAGAGTAGCCGTTGG-1,OTI,low,OTI_low,Q4,0,0.0
CAAGAGTAGCCGTTGG-1,OTI,low,OTI_low,T4,0,0.0
CAAGAGTAGCCGTTGG-1,OTI,low,OTI_low,V4,0,0.0
CAAGAGTAGCCGTTGG-1,OTI,low,OTI_low,G4,0,0.0
CAAGAGTAGCCGTTGG-1,OTI,low,OTI_low,D4,0,0.0
CAAGAGTAGCCGTTGG-1,OTI,low,OTI_low,Q4R7,1,0.2
CAAGAGTAGCCGTTGG-1,OTI,low,OTI_low,Q4H7,0,0.0
CAAGAGTAGCCGTTGG-1,OTI,low,OTI_low,Q7,4,0.8
CAAGAGTAGCCGTTGG-1,OTI,low,OTI_low,E1,0,0.0
CAAGAGTAGCCGTTGG-1,OTI,low,OTI_low,CATNB,0,0.0
CAAGAGTAGCCGTTGG-1,OTI,low,OTI_low,LCMV,0,0.0
CAAGAGTAGCCGTTGG-1,OTI,low,OTI_low,TB,0,0.0
CAAGAGTAGCCGTTGG-1,OTI,low,OTI_low,MCMV,0,0.0
AACAGGTAGAGTGTAA-1,OTI,low,OTI_low,N4,0,0.0
AACAGGTAGAGTGTAA-1,OTI,low,OTI_low,A2,0,0.0
AACAGGTAGAGTGTAA-1,OTI,low,OTI_low,Y3,0,0.0
AACAGGTAGAGTGTAA-1,OTI,low,OTI_low,Q4,0,0.0
AACAGGTAGAGTGTAA-1,OTI,low,OTI_low,T4,0,0.0
AACAGGTAGAGTGTAA-1,OTI,low,OTI_low,V4,0,0.0
AACAGGTAGAGTGTAA-1,OTI,low,OTI_low,G4,0,0.0
AACAGGTAGAGTGTAA-1,OTI,low,OTI_low,D4,0,0.0
AACAGGTAGAGTGTAA-1,OTI,low,OTI_low,Q4R7,0,0.0
AACAGGTAGAGTGTAA-1,OTI,low,OTI_low,Q4H7,0,0.0
AACAGGTAGAGTGTAA-1,OTI,low,OTI_low,Q7,0,0.0
AACAGGTAGAGTGTAA-1,OTI,low,OTI_low,E1,0,0.0
AACAGGTAGAGTGTAA-1,OTI,low,OTI_low,CATNB,0,0.0
AACAGGTAGAGTGTAA-1,OTI,low,OTI_low,LCMV,7,1.0
AACAGGTAGAGTGTAA-1,OTI,low,OTI_low,TB,0,0.0
AACAGGTAGAGTGTAA-1,OTI,low,OTI_low,MCMV,0,0.0
AACCAGGAGCATGTTG-1,OTI,low,OTI_low,N4,0,0.0
AACCAGGAGCATGTTG-1,OTI,low,OTI_low,A2,0,0.0
AACCAGGAGCATGTTG-1,OTI,low,OTI_low,Y3,0,0.0
AACCAGGAGCATGTTG-1,OTI,low,OTI_low,Q4,0,0.0
AACCAGGAGCATGTTG-1,OTI,low,OTI_low,T4,0,0.0
AACCAGGAGCATGTTG-1,OTI,low,OTI_low,V4,0,0.0
AACCAGGAGCATGTTG-1,OTI,low,OTI_low,G4,0,0.0
AACCAGGAGCATGTTG-1,OTI,low,OTI_low,D4,0,0.0
AACCAGGAGCATGTTG-1,OTI,low,OTI_low,Q4R7,0,0.0
AACCAGGAGCATGTTG-1,OTI,low,OTI_low,Q4H7,2,1.0
AACCAGGAGCATGTTG-1,OTI,low,OTI_low,Q7,0,0.0
AACCAGGAGCATGTTG-1,OTI,low,OTI_low,E1,0,0.0
AACCAGGAGCATGTTG-1,OTI,low,OTI_low,CATNB,0,0.0
AACCAGGAGCATGTTG-1,OTI,low,OTI_low,LCMV,0,0.0
AACCAGGAGCATGTTG-1,OTI,low,OTI_low,TB,0,0.0
AACCAGGAGCATGTTG-1,OTI,low,OTI_low,MCMV,0,0.0
ACTTCGCGTCATTTCG-1,OTI,low,OTI_low,N4,0,0.0
ACTTCGCGTCATTTCG-1,OTI,low,OTI_low,A2,0,0.0
ACTTCGCGTCATTTCG-1,OTI,low,OTI_low,Y3,0,0.0
ACTTCGCGTCATTTCG-1,OTI,low,OTI_low,Q4,0,0.0
ACTTCGCGTCATTTCG-1,OTI,low,OTI_low,T4,0,0.0
ACTTCGCGTCATTTCG-1,OTI,low,OTI_low,V4,0,0.0
ACTTCGCGTCATTTCG-1,OTI,low,OTI_low,G4,0,0.0
ACTTCGCGTCATTTCG-1,OTI,low,OTI_low,D4,0,0.0
ACTTCGCGTCATTTCG-1,OTI,low,OTI_low,Q4R7,0,0.0
ACTTCGCGTCATTTCG-1,OTI,low,OTI_low,Q4H7,0,0.0
ACTTCGCGTCATTTCG-1,OTI,low,OTI_low,Q7,0,0.0
ACTTCGCGTCATTTCG-1,OTI,low,OTI_low,E1,0,0.0
ACTTCGCGTCATTTCG-1,OTI,low,OTI_low,CATNB,2,1.0
ACTTCGCGTCATTTCG-1,OTI,low,OTI_low,LCMV,0,0.0
ACTTCGCGTCATTTCG-1,OTI,low,OTI_low,TB,0,0.0
ACTTCGCGTCATTTCG-1,OTI,low,OTI_low,MCMV,0,0.0
CCACACCTCATGGGCT-1,OTI,low,OTI_low,N4,0,0.0
CCACACCTCATGGGCT-1,OTI,low,OTI_low,A2,0,0.0
CCACACCTCATGGGCT-1,OTI,low,OTI_low,Y3,0,0.0
CCACACCTCATGGGCT-1,OTI,low,OTI_low,Q4,0,0.0
CCACACCTCATGGGCT-1,OTI,low,OTI_low,T4,1,1.0
CCACACCTCATGGGCT-1,OTI,low,OTI_low,V4,0,0.0
CCACACCTCATGGGCT-1,OTI,low,OTI_low,G4,0,0.0
CCACACCTCATGGGCT-1,OTI,low,OTI_low,D4,0,0.0
CCACACCTCATGGGCT-1,OTI,low,OTI_low,Q4R7,0,0.0
CCACACCTCATGGGCT-1,OTI,low,OTI_low,Q4H7,0,0.0
CCACACCTCATGGGCT-1,OTI,low,OTI_low,Q7,0,0.0
CCACACCTCATGGGCT-1,OTI,low,OTI_low,E1,0,0.0
CCACACCTCATGGGCT-1,OTI,low,OTI_low,CATNB,0,0.0
CCACACCTCATGGGCT-1,OTI,low,OTI_low,LCMV,0,0.0
CCACACCTCATGGGCT-1,OTI,low,OTI_low,TB,0,0.0
CCACACCTCATGGGCT-1,OTI,low,OTI_low,MCMV,0,0.0
CGCCCGTGTAAGGTTC-1,OTI,low,OTI_low,N4,36,0.5901639344262295
CGCCCGTGTAAGGTTC-1,OTI,low,OTI_low,A2,0,0.0
CGCCCGTGTAAGGTTC-1,OTI,low,OTI_low,Y3,0,0.0
CGCCCGTGTAAGGTTC-1,OTI,low,OTI_low,Q4,0,0.0
CGCCCGTGTAAGGTTC-1,OTI,low,OTI_low,T4,0,0.0
CGCCCGTGTAAGGTTC-1,OTI,low,OTI_low,V4,0,0.0
CGCCCGTGTAAGGTTC-1,OTI,low,OTI_low,G4,25,0.4098360655737705
CGCCCGTGTAAGGTTC-1,OTI,low,OTI_low,D4,0,0.0
CGCCCGTGTAAGGTTC-1,OTI,low,OTI_low,Q4R7,0,0.0
CGCCCGTGTAAGGTTC-1,OTI,low,OTI_low,Q4H7,0,0.0
CGCCCGTGTAAGGTTC-1,OTI,low,OTI_low,Q7,0,0.0
CGCCCGTGTAAGGTTC-1,OTI,low,OTI_low,E1,0,0.0
CGCCCGTGTAAGGTTC-1,OTI,low,OTI_low,CATNB,0,0.0
CGCCCGTGTAAGGTTC-1,OTI,low,OTI_low,LCMV,0,0.0
CGCCCGTGTAAGGTTC-1,OTI,low,OTI_low,TB,0,0.0
CGCCCGTGTAAGGTTC-1,OTI,low,OTI_low,MCMV,0,0.0
AGGGTCTTCGGGTTCG-1,OTI,low,OTI_low,N4,0,0.0
AGGGTCTTCGGGTTCG-1,OTI,low,OTI_low,A2,0,0.0
AGGGTCTTCGGGTTCG-1,OTI,low,OTI_low,Y3,0,0.0
AGGGTCTTCGGGTTCG-1,OTI,low,OTI_low,Q4,0,0.0
AGGGTCTTCGGGTTCG-1,OTI,low,OTI_low,T4,1,1.0
AGGGTCTTCGGGTTCG-1,OTI,low,OTI_low,V4,0,0.0
AGGGTCTTCGGGTTCG-1,OTI,low,OTI_low,G4,0,0.0
AGGGTCTTCGGGTTCG-1,OTI,low,OTI_low,D4,0,0.0
AGGGTCTTCGGGTTCG-1,OTI,low,OTI_low,Q4R7,0,0.0
AGGGTCTTCGGGTTCG-1,OTI,low,OTI_low,Q4H7,0,0.0
AGGGTCTTCGGGTTCG-1,OTI,low,OTI_low,Q7,0,0.0
AGGGTCTTCGGGTTCG-1,OTI,low,OTI_low,E1,0,0.0
AGGGTCTTCGGGTTCG-1,OTI,low,OTI_low,CATNB,0,0.0
AGGGTCTTCGGGTTCG-1,OTI,low,OTI_low,LCMV,0,0.0
AGGGTCTTCGGGTTCG-1,OTI,low,OTI_low,TB,0,0.0
AGGGTCTTCGGGTTCG-1,OTI,low,OTI_low,MCMV,0,0.0
GCACCCAAGAAAGTCA-1,C57BL6,high,C57BL6_high,N4,0,0.0
GCACCCAAGAAAGTCA-1,C57BL6,high,C57BL6_high,A2,0,0.0
GCACCCAAGAAAGTCA-1,C57BL6,high,C57BL6_high,Y3,0,0.0
GCACCCAAGAAAGTCA-1,C57BL6,high,C57BL6_high,Q4,2,0.06896551724137931
GCACCCAAGAAAGTCA-1,C57BL6,high,C57BL6_high,T4,0,0.0
GCACCCAAGAAAGTCA-1,C57BL6,high,C57BL6_high,V4,0,0.0
GCACCCAAGAAAGTCA-1,C57BL6,high,C57BL6_high,G4,26,0.896551724137931
GCACCCAAGAAAGTCA-1,C57BL6,high,C57BL6_high,D4,0,0.0
GCACCCAAGAAAGTCA-1,C57BL6,high,C57BL6_high,Q4R7,0,0.0
GCACCCAAGAAAGTCA-1,C57BL6,high,C57BL6_high,Q4H7,0,0.0
GCACCCAAGAAAGTCA-1,C57BL6,high,C57BL6_high,Q7,0,0.0
GCACCCAAGAAAGTCA-1,C57BL6,high,C57BL6_high,E1,0,0.0
GCACCCAAGAAAGTCA-1,C57BL6,high,C57BL6_high,CATNB,1,0.034482758620689655
GCACCCAAGAAAGTCA-1,C57BL6,high,C57BL6_high,LCMV,0,0.0
GCACCCAAGAAAGTCA-1,C57BL6,high,C57BL6_high,TB,0,0.0
GCACCCAAGAAAGTCA-1,C57BL6,high,C57BL6_high,MCMV,0,0.0
GGCCCTTTCCATTCGT-1,C57BL6,high,C57BL6_high,N4,0,0.0
GGCCCTTTCCATTCGT-1,C57BL6,high,C57BL6_high,A2,0,0.0
GGCCCTTTCCATTCGT-1,C57BL6,high,C57BL6_high,Y3,0,0.0
GGCCCTTTCCATTCGT-1,C57BL6,high,C57BL6_high,Q4,0,0.0
GGCCCTTTCCATTCGT-1,C57BL6,high,C57BL6_high,T4,0,0.0
GGCCCTTTCCATTCGT-1,C57BL6,high,C57BL6_high,V4,17,0.9444444444444444
GGCCCTTTCCATTCGT-1,C57BL6,high,C57BL6_high,G4,0,0.0
GGCCCTTTCCATTCGT-1,C57BL6,high,C57BL6_high,D4,0,0.0
GGCCCTTTCCATTCGT-1,C57BL6,high,C57BL6_high,Q4R7,0,0.0
GGCCCTTTCCATTCGT-1,C57BL6,high,C57BL6_high,Q4H7,0,0.0
GGCCCTTTCCATTCGT-1,C57BL6,high,C57BL6_high,Q7,0,0.0
GGCCCTTTCCATTCGT-1,C57BL6,high,C57BL6_high,E1,0,0.0
GGCCCTTTCCATTCGT-1,C57BL6,high,C57BL6_high,CATNB,0,0.0
GGCCCTTTCCATTCGT-1,C57BL6,high,C57BL6_high,LCMV,0,0.0
GGCCCTTTCCATTCGT-1,C57BL6,high,C57BL6_high,TB,0,0.0
GGCCCTTTCCATTCGT-1,C57BL6,high,C57BL6_high,MCMV,1,0.05555555555555555
ATGGCGCGTCCGTCGC-1,C57BL6,high,C57BL6_high,N4,0,0.0
ATGGCGCGTCCGTCGC-1,C57BL6,high,C57BL6_high,A2,1,0.125
ATGGCGCGTCCGTCGC-1,C57BL6,high,C57BL6_high,Y3,0,0.0
ATGGCGCGTCCGTCGC-1,C57BL6,high,C57BL6_high,Q4,1,0.125
ATGGCGCGTCCGTCGC-1,C57BL6,high,C57BL6_high,T4,0,0.0
ATGGCGCGTCCGTCGC-1,C57BL6,high,C57BL6_high,V4,0,0.0
ATGGCGCGTCCGTCGC-1,C57BL6,high,C57BL6_high,G4,0,0.0
ATGGCGCGTCCGTCGC-1,C57BL6,high,C57BL6_high,D4,0,0.0
ATGGCGCGTCCGTCGC-1,C57BL6,high,C57BL6_high,Q4R7,0,0.0
ATGGCGCGTCCGTCGC-1,C57BL6,high,C57BL6_high,Q4H7,5,0.625
ATGGCGCGTCCGTCGC-1,C57BL6,high,C57BL6_high,Q7,0,0.0
ATGGCGCGTCCGTCGC-1,C57BL6,high,C57BL6_high,E1,0,0.0
ATGGCGCGTCCGTCGC-1,C57BL6,high,C57BL6_high,CATNB,1,0.125
ATGGCGCGTCCGTCGC-1,C57BL6,high,C57BL6_high,LCMV,0,0.0
ATGGCGCGTCCGTCGC-1,C57BL6,high,C57BL6_high,TB,0,0.0
ATGGCGCGTCCGTCGC-1,C57BL6,high,C57BL6_high,MCMV,0,0.0
AGCTGTATCCTACATC-1,C57BL6,high,C57BL6_high,N4,0,0.0
AGCTGTATCCTACATC-1,C57BL6,high,C57BL6_high,A2,0,0.0
AGCTGTATCCTACATC-1,C57BL6,high,C57BL6_high,Y3,0,0.0
AGCTGTATCCTACATC-1,C57BL6,high,C57BL6_high,Q4,0,0.0
AGCTGTATCCTACATC-1,C57BL6,high,C57BL6_high,T4,0,0.0
AGCTGTATCCTACATC-1,C57BL6,high,C57BL6_high,V4,0,0.0
AGCTGTATCCTACATC-1,C57BL6,high,C57BL6_high,G4,0,0.0
AGCTGTATCCTACATC-1,C57BL6,high,C57BL6_high,D4,0,0.0
AGCTGTATCCTACATC-1,C57BL6,high,C57BL6_high,Q4R7,0,0.0
AGCTGTATCCTACATC-1,C57BL6,high,C57BL6_high,Q4H7,12,0.8
AGCTGTATCCTACATC-1,C57BL6,high,C57BL6_high,Q7,0,0.0
AGCTGTATCCTACATC-1,C57BL6,high,C57BL6_high,E1,0,0.0
AGCTGTATCCTACATC-1,C57BL6,high,C57BL6_high,CATNB,3,0.2
AGCTGTATCCTACATC-1,C57BL6,high,C57BL6_high,LCMV,0,0.0
AGCTGTATCCTACATC-1,C57BL6,high,C57BL6_high,TB,0,0.0
AGCTGTATCCTACATC-1,C57BL6,high,C57BL6_high,MCMV,0,0.0
AGCTTCCGTCAGTCTC-1,C57BL6,high,C57BL6_high,N4,5,0.2777777777777778
AGCTTCCGTCAGTCTC-1,C57BL6,high,C57BL6_high,A2,0,0.0
AGCTTCCGTCAGTCTC-1,C57BL6,high,C57BL6_high,Y3,0,0.0
AGCTTCCGTCAGTCTC-1,C57BL6,high,C57BL6_high,Q4,0,0.0
AGCTTCCGTCAGTCTC-1,C57BL6,high,C57BL6_high,T4,0,0.0
AGCTTCCGTCAGTCTC-1,C57BL6,high,C57BL6_high,V4,0,0.0
AGCTTCCGTCAGTCTC-1,C57BL6,high,C57BL6_high,G4,0,0.0
AGCTTCCGTCAGTCTC-1,C57BL6,high,C57BL6_high,D4,0,0.0
AGCTTCCGTCAGTCTC-1,C57BL6,high,C57BL6_high,Q4R7,13,0.7222222222222222
AGCTTCCGTCAGTCTC-1,C57BL6,high,C57BL6_high,Q4H7,0,0.0
AGCTTCCGTCAGTCTC-1,C57BL6,high,C57BL6_high,Q7,0,0.0
AGCTTCCGTCAGTCTC-1,C57BL6,high,C57BL6_high,E1,0,0.0
AGCTTCCGTCAGTCTC-1,C57BL6,high,C57BL6_high,CATNB,0,0.0
AGCTTCCGTCAGTCTC-1,C57BL6,high,C57BL6_high,LCMV,0,0.0
AGCTTCCGTCAGTCTC-1,C57BL6,high,C57BL6_high,TB,0,0.0
AGCTTCCGTCAGTCTC-1,C57BL6,high,C57BL6_high,MCMV,0,0.0
ATCCGGCCAATTCAGC-1,C57BL6,high,C57BL6_high,N4,0,0.0
ATCCGGCCAATTCAGC-1,C57BL6,high,C57BL6_high,A2,0,0.0
ATCCGGCCAATTCAGC-1,C57BL6,high,C57BL6_high,Y3,0,0.0
ATCCGGCCAATTCAGC-1,C57BL6,high,C57BL6_high,Q4,0,0.0
ATCCGGCCAATTCAGC-1,C57BL6,high,C57BL6_high,T4,0,0.0
ATCCGGCCAATTCAGC-1,C57BL6,high,C57BL6_high,V4,0,0.0
ATCCGGCCAATTCAGC-1,C57BL6,high,C57BL6_high,G4,4,0.4444444444444444
ATCCGGCCAATTCAGC-1,C57BL6,high,C57BL6_high,D4,0,0.0
ATCCGGCCAATTCAGC-1,C57BL6,high,C57BL6_high,Q4R7,0,0.0
ATCCGGCCAATTCAGC-1,C57BL6,high,C57BL6_high,Q4H7,0,0.0
ATCCGGCCAATTCAGC-1,C57BL6,high,C57BL6_high,Q7,0,0.0
ATCCGGCCAATTCAGC-1,C57BL6,high,C57BL6_high,E1,5,0.5555555555555556
ATCCGGCCAATTCAGC-1,C57BL6,high,C57BL6_high,CATNB,0,0.0
ATCCGGCCAATTCAGC-1,C57BL6,high,C57BL6_high,LCMV,0,0.0
ATCCGGCCAATTCAGC-1,C57BL6,high,C57BL6_high,TB,0,0.0
ATCCGGCCAATTCAGC-1,C57BL6,high,C57BL6_high,MCMV,0,0.0
GGCGTTCCAGTTACCG-1,C57BL6,high,C57BL6_high,N4,0,0.0
GGCGTTCCAGTTACCG-1,C57BL6,high,C57BL6_high,A2,0,0.0
GGCGTTCCAGTTACCG-1,C57BL6,high,C57BL6_high,Y3,7,0.08860759493670886
GGCGTTCCAGTTACCG-1,C57BL6,high,C57BL6_high,Q4,0,0.0
GGCGTTCCAGTTACCG-1,C57BL6,high,C57BL6_high,T4,0,0.0
GGCGTTCCAGTTACCG-1,C57BL6,high,C57BL6_high,V4,0,0.0
GGCGTTCCAGTTACCG-1,C57BL6,high,C57BL6_high,G4,0,0.0
GGCGTTCCAGTTACCG-1,C57BL6,high,C57BL6_high,D4,58,0.7341772151898734
GGCGTTCCAGTTACCG-1,C57BL6,high,C57BL6_high,Q4R7,0,0.0
GGCGTTCCAGTTACCG-1,C57BL6,high,C57BL6_high,Q4H7,6,0.0759493670886076
GGCGTTCCAGTTACCG-1,C57BL6,high,C57BL6_high,Q7,0,0.0
GGCGTTCCAGTTACCG-1,C57BL6,high,C57BL6_high,E1,0,0.0
GGCGTTCCAGTTACCG-1,C57BL6,high,C57BL6_high,CATNB,0,0.0
GGCGTTCCAGTTACCG-1,C57BL6,high,C57BL6_high,LCMV,8,0.10126582278481013
GGCGTTCCAGTTACCG-1,C57BL6,high,C57BL6_high,TB,0,0.0
GGCGTTCCAGTTACCG-1,C57BL6,high,C57BL6_high,MCMV,0,0.0
CAGTTGGGTAGGTTGT-1,C57BL6,high,C57BL6_high,N4,0,0.0
CAGTTGGGTAGGTTGT-1,C57BL6,high,C57BL6_high,A2,1,0.014705882352941176
CAGTTGGGTAGGTTGT-1,C57BL6,high,C57BL6_high,Y3,0,0.0
CAGTTGGGTAGGTTGT-1,C57BL6,high,C57BL6_high,Q4,64,0.9411764705882353
CAGTTGGGTAGGTTGT-1,C57BL6,high,C57BL6_high,T4,0,0.0
CAGTTGGGTAGGTTGT-1,C57BL6,high,C57BL6_high,V4,0,0.0
CAGTTGGGTAGGTTGT-1,C57BL6,high,C57BL6_high,G4,0,0.0
CAGTTGGGTAGGTTGT-1,C57BL6,high,C57BL6_high,D4,0,0.0
CAGTTGGGTAGGTTGT-1,C57BL6,high,C57BL6_high,Q4R7,0,0.0
CAGTTGGGTAGGTTGT-1,C57BL6,high,C57BL6_high,Q4H7,3,0.04411764705882353
CAGTTGGGTAGGTTGT-1,C57BL6,high,C57BL6_high,Q7,0,0.0
CAGTTGGGTAGGTTGT-1,C57BL6,high,C57BL6_high,E1,0,0.0
CAGTTGGGTAGGTTGT-1,C57BL6,high,C57BL6_high,CATNB,0,0.0
CAGTTGGGTAGGTTGT-1,C57BL6,high,C57BL6_high,LCMV,0,0.0
CAGTTGGGTAGGTTGT-1,C57BL6,high,C57BL6_high,TB,0,0.0
CAGTTGGGTAGGTTGT-1,C57BL6,high,C57BL6_high,MCMV,0,0.0
CGATAAGCAGTAACCT-1,C57BL6,high,C57BL6_high,N4,0,0.0
CGATAAGCAGTAACCT-1,C57BL6,high,C57BL6_high,A2,0,0.0
CGATAAGCAGTAACCT-1,C57BL6,high,C57BL6_high,Y3,0,0.0
CGATAAGCAGTAACCT-1,C57BL6,high,C57BL6_high,Q4,0,0.0
CGATAAGCAGTAACCT-1,C57BL6,high,C57BL6_high,T4,0,0.0
CGATAAGCAGTAACCT-1,C57BL6,high,C57BL6_high,V4,0,0.0
CGATAAGCAGTAACCT-1,C57BL6,high,C57BL6_high,G4,0,0.0
CGATAAGCAGTAACCT-1,C57BL6,high,C57BL6_high,D4,0,0.0
CGATAAGCAGTAACCT-1,C57BL6,high,C57BL6_high,Q4R7,0,0.0
CGATAAGCAGTAACCT-1,C57BL6,high,C57BL6_high,Q4H7,5,0.8333333333333334
CGATAAGCAGTAACCT-1,C57BL6,high,C57BL6_high,Q7,0,0.0
CGATAAGCAGTAACCT-1,C57BL6,high,C57BL6_high,E1,0,0.0
CGATAAGCAGTAACCT-1,C57BL6,high,C57BL6_high,CATNB,1,0.16666666666666666
CGATAAGCAGTAACCT-1,C57BL6,high,C57BL6_high,LCMV,0,0.0
CGATAAGCAGTAACCT-1,C57BL6,high,C57BL6_high,TB,0,0.0
CGATAAGCAGTAACCT-1,C57BL6,high,C57BL6_high,MCMV,0,0.0
CGCATTAAGGTATTGT-1,C57BL6,high,C57BL6_high,N4,0,0.0
CGCATTAAGGTATTGT-1,C57BL6,high,C57BL6_high,A2,0,0.0
CGCATTAAGGTATTGT-1,C57BL6,high,C57BL6_high,Y3,0,0.0
CGCATTAAGGTATTGT-1,C57BL6,high,C57BL6_high,Q4,0,0.0
CGCATTAAGGTATTGT-1,C57BL6,high,C57BL6_high,T4,0,0.0
CGCATTAAGGTATTGT-1,C57BL6,high,C57BL6_high,V4,0,0.0
CGCATTAAGGTATTGT-1,C57BL6,high,C57BL6_high,G4,8,0.47058823529411764
CGCATTAAGGTATTGT-1,C57BL6,high,C57BL6_high,D4,9,0.5294117647058824
CGCATTAAGGTATTGT-1,C57BL6,high,C57BL6_high,Q4R7,0,0.0
CGCATTAAGGTATTGT-1,C57BL6,high,C57BL6_high,Q4H7,0,0.0
CGCATTAAGGTATTGT-1,C57BL6,high,C57BL6_high,Q7,0,0.0
CGCATTAAGGTATTGT-1,C57BL6,high,C57BL6_high,E1,0,0.0
CGCATTAAGGTATTGT-1,C57BL6,high,C57BL6_high,CATNB,0,0.0
CGCATTAAGGTATTGT-1,C57BL6,high,C57BL6_high,LCMV,0,0.0
CGCATTAAGGTATTGT-1,C57BL6,high,C57BL6_high,TB,0,0.0
CGCATTAAGGTATTGT-1,C57BL6,high,C57BL6_high,MCMV,0,0.0
ATTGTATCACAGTCAT-1,C57BL6,low,C57BL6_low,N4,0,0.0
ATTGTATCACAGTCAT-1,C57BL6,low,C57BL6_low,A2,0,0.0
ATTGTATCACAGTCAT-1,C57BL6,low,C57BL6_low,Y3,0,0.0
ATTGTATCACAGTCAT-1,C57BL6,low,C57BL6_low,Q4,0,0.0
ATTGTATCACAGTCAT-1,C57BL6,low,C57BL6_low,T4,0,0.0
ATTGTATCACAGTCAT-1,C57BL6,low,C57BL6_low,V4,0,0.0
ATTGTATCACAGTCAT-1,C57BL6,low,C57BL6_low,G4,0,0.0
ATTGTATCACAGTCAT-1,C57BL6,low,C57BL6_low,D4,0,0.0
ATTGTATCACAGTCAT-1,C57BL6,low,C57BL6_low,Q4R7,0,0.0
ATTGTATCACAGTCAT-1,C57BL6,low,C57BL6_low,Q4H7,0,0.0
ATTGTATCACAGTCAT-1,C57BL6,low,C57BL6_low,Q7,0,0.0
ATTGTATCACAGTCAT-1,C57BL6,low,C57BL6_low,E1,0,0.0
ATTGTATCACAGTCAT-1,C57BL6,low,C57BL6_low,CATNB,0,0.0
ATTGTATCACAGTCAT-1,C57BL6,low,C57BL6_low,LCMV,11,1.0
ATTGTATCACAGTCAT-1,C57BL6,low,C57BL6_low,TB,0,0.0
ATTGTATCACAGTCAT-1,C57BL6,low,C57BL6_low,MCMV,0,0.0
GCTTATACAGGAAAGG-1,C57BL6,low,C57BL6_low,N4,0,0.0
GCTTATACAGGAAAGG-1,C57BL6,low,C57BL6_low,A2,0,0.0
GCTTATACAGGAAAGG-1,C57BL6,low,C57BL6_low,Y3,0,0.0
GCTTATACAGGAAAGG-1,C57BL6,low,C57BL6_low,Q4,0,0.0
GCTTATACAGGAAAGG-1,C57BL6,low,C57BL6_low,T4,10,1.0
GCTTATACAGGAAAGG-1,C57BL6,low,C57BL6_low,V4,0,0.0
GCTTATACAGGAAAGG-1,C57BL6,low,C57BL6_low,G4,0,0.0
GCTTATACAGGAAAGG-1,C57BL6,low,C57BL6_low,D4,0,0.0
GCTTATACAGGAAAGG-1,C57BL6,low,C57BL6_low,Q4R7,0,0.0
GCTTATACAGGAAAGG-1,C57BL6,low,C57BL6_low,Q4H7,0,0.0
GCTTATACAGGAAAGG-1,C57BL6,low,C57BL6_low,Q7,0,0.0
GCTTATACAGGAAAGG-1,C57BL6,low,C57BL6_low,E1,0,0.0
GCTTATACAGGAAAGG-1,C57BL6,low,C57BL6_low,CATNB,0,0.0
GCTTATACAGGAAAGG-1,C57BL6,low,C57BL6_low,LCMV,0,0.0
GCTTATACAGGAAAGG-1,C57BL6,low,C57BL6_low,TB,0,0.0
GCTTATACAGGAAAGG-1,C57BL6,low,C57BL6_low,MCMV,0,0.0
AAACGGCCACTCGAGC-1,C57BL6,low,C57BL6_low,N4,0,0.0
AAACGGCCACTCGAGC-1,C57BL6,low,C57BL6_low,A2,0,0.0
AAACGGCCACTCGAGC-1,C57BL6,low,C57BL6_low,Y3,0,0.0
AAACGGCCACTCGAGC-1,C57BL6,low,C57BL6_low,Q4,0,0.0
AAACGGCCACTCGAGC-1,C57BL6,low,C57BL6_low,T4,0,0.0
AAACGGCCACTCGAGC-1,C57BL6,low,C57BL6_low,V4,0,0.0
AAACGGCCACTCGAGC-1,C57BL6,low,C57BL6_low,G4,0,0.0
AAACGGCCACTCGAGC-1,C57BL6,low,C57BL6_low,D4,0,0.0
AAACGGCCACTCGAGC-1,C57BL6,low,C57BL6_low,Q4R7,0,0.0
AAACGGCCACTCGAGC-1,C57BL6,low,C57BL6_low,Q4H7,0,0.0
AAACGGCCACTCGAGC-1,C57BL6,low,C57BL6_low,Q7,0,0.0
AAACGGCCACTCGAGC-1,C57BL6,low,C57BL6_low,E1,0,0.0
AAACGGCCACTCGAGC-1,C57BL6,low,C57BL6_low,CATNB,0,0.0
AAACGGCCACTCGAGC-1,C57BL6,low,C57BL6_low,LCMV,0,0.0
AAACGGCCACTCGAGC-1,C57BL6,low,C57BL6_low,TB,53,1.0
AAACGGCCACTCGAGC-1,C57BL6,low,C57BL6_low,MCMV,0,0.0
ATCGTCGCACGTTCAG-1,C57BL6,low,C57BL6_low,N4,0,0.0
ATCGTCGCACGTTCAG-1,C57BL6,low,C57BL6_low,A2,0,0.0
ATCGTCGCACGTTCAG-1,C57BL6,low,C57BL6_low,Y3,0,0.0
ATCGTCGCACGTTCAG-1,C57BL6,low,C57BL6_low,Q4,0,0.0
ATCGTCGCACGTTCAG-1,C57BL6,low,C57BL6_low,T4,9,1.0
ATCGTCGCACGTTCAG-1,C57BL6,low,C57BL6_low,V4,0,0.0
ATCGTCGCACGTTCAG-1,C57BL6,low,C57BL6_low,G4,0,0.0
ATCGTCGCACGTTCAG-1,C57BL6,low,C57BL6_low,D4,0,0.0
ATCGTCGCACGTTCAG-1,C57BL6,low,C57BL6_low,Q4R7,0,0.0
ATCGTCGCACGTTCAG-1,C57BL6,low,C57BL6_low,Q4H7,0,0.0
ATCGTCGCACGTTCAG-1,C57BL6,low,C57BL6_low,Q7,0,0.0
ATCGTCGCACGTTCAG-1,C57BL6,low,C57BL6_low,E1,0,0.0
ATCGTCGCACGTTCAG-1,C57BL6,low,C57BL6_low,CATNB,0,0.0
ATCGTCGCACGTTCAG-1,C57BL6,low,C57BL6_low,LCMV,0,0.0
ATCGTCGCACGTTCAG-1,C57BL6,low,C57BL6_low,TB,0,0.0
ATCGTCGCACGTTCAG-1,C57BL6,low,C57BL6_low,MCMV,0,0.0
ATCTTCCAGCTAGCCG-1,C57BL6,low,C57BL6_low,N4,0,0.0
ATCTTCCAGCTAGCCG-1,C57BL6,low,C57BL6_low,A2,0,0.0
ATCTTCCAGCTAGCCG-1,C57BL6,low,C57BL6_low,Y3,0,0.0
ATCTTCCAGCTAGCCG-1,C57BL6,low,C57BL6_low,Q4,0,0.0
ATCTTCCAGCTAGCCG-1,C57BL6,low,C57BL6_low,T4,0,0.0
ATCTTCCAGCTAGCCG-1,C57BL6,low,C57BL6_low,V4,0,0.0
ATCTTCCAGCTAGCCG-1,C57BL6,low,C57BL6_low,G4,0,0.0
ATCTTCCAGCTAGCCG-1,C57BL6,low,C57BL6_low,D4,0,0.0
ATCTTCCAGCTAGCCG-1,C57BL6,low,C57BL6_low,Q4R7,0,0.0
ATCTTCCAGCTAGCCG-1,C57BL6,low,C57BL6_low,Q4H7,0,0.0
ATCTTCCAGCTAGCCG-1,C57BL6,low,C57BL6_low,Q7,0,0.0
ATCTTCCAGCTAGCCG-1,C57BL6,low,C57BL6_low,E1,11,1.0
ATCTTCCAGCTAGCCG-1,C57BL6,low,C57BL6_low,CATNB,0,0.0
ATCTTCCAGCTAGCCG-1,C57BL6,low,C57BL6_low,LCMV,0,0.0
ATCTTCCAGCTAGCCG-1,C57BL6,low,C57BL6_low,TB,0,0.0
ATCTTCCAGCTAGCCG-1,C57BL6,low,C57BL6_low,MCMV,0,0.0
CTGGTCGAGGCTATGC-1,C57BL6,low,C57BL6_low,N4,0,0.0
CTGGTCGAGGCTATGC-1,C57BL6,low,C57BL6_low,A2,7,1.0
CTGGTCGAGGCTATGC-1,C57BL6,low,C57BL6_low,Y3,0,0.0
CTGGTCGAGGCTATGC-1,C57BL6,low,C57BL6_low,Q4,0,0.0
CTGGTCGAGGCTATGC-1,C57BL6,low,C57BL6_low,T4,0,0.0
CTGGTCGAGGCTATGC-1,C57BL6,low,C57BL6_low,V4,0,0.0
CTGGTCGAGGCTATGC-1,C57BL6,low,C57BL6_low,G4,0,0.0
CTGGTCGAGGCTATGC-1,C57BL6,low,C57BL6_low,D4,0,0.0
CTGGTCGAGGCTATGC-1,C57BL6,low,C57BL6_low,Q4R7,0,0.0
CTGGTCGAGGCTATGC-1,C57BL6,low,C57BL6_low,Q4H7,0,0.0
CTGGTCGAGGCTATGC-1,C57BL6,low,C57BL6_low,Q7,0,0.0
CTGGTCGAGGCTATGC-1,C57BL6,low,C57BL6_low,E1,0,0.0
CTGGTCGAGGCTATGC-1,C57BL6,low,C57BL6_low,CATNB,0,0.0
CTGGTCGAGGCTATGC-1,C57BL6,low,C57BL6_low,LCMV,0,0.0
CTGGTCGAGGCTATGC-1,C57BL6,low,C57BL6_low,TB,0,0.0
CTGGTCGAGGCTATGC-1,C57BL6,low,C57BL6_low,MCMV,0,0.0
CAGCGTAGTCATCGGA-1,C57BL6,low,C57BL6_low,N4,0,0.0
CAGCGTAGTCATCGGA-1,C57BL6,low,C57BL6_low,A2,0,0.0
CAGCGTAGTCATCGGA-1,C57BL6,low,C57BL6_low,Y3,0,0.0
CAGCGTAGTCATCGGA-1,C57BL6,low,C57BL6_low,Q4,0,0.0
CAGCGTAGTCATCGGA-1,C57BL6,low,C57BL6_low,T4,0,0.0
CAGCGTAGTCATCGGA-1,C57BL6,low,C57BL6_low,V4,0,0.0
CAGCGTAGTCATCGGA-1,C57BL6,low,C57BL6_low,G4,0,0.0
CAGCGTAGTCATCGGA-1,C57BL6,low,C57BL6_low,D4,0,0.0
CAGCGTAGTCATCGGA-1,C57BL6,low,C57BL6_low,Q4R7,0,0.0
CAGCGTAGTCATCGGA-1,C57BL6,low,C57BL6_low,Q4H7,11,1.0
CAGCGTAGTCATCGGA-1,C57BL6,low,C57BL6_low,Q7,0,0.0
CAGCGTAGTCATCGGA-1,C57BL6,low,C57BL6_low,E1,0,0.0
CAGCGTAGTCATCGGA-1,C57BL6,low,C57BL6_low,CATNB,0,0.0
CAGCGTAGTCATCGGA-1,C57BL6,low,C57BL6_low,LCMV,0,0.0
CAGCGTAGTCATCGGA-1,C57BL6,low,C57BL6_low,TB,0,0.0
CAGCGTAGTCATCGGA-1,C57BL6,low,C57BL6_low,MCMV,0,0.0
GGTTGTCAGACAGAAC-1,C57BL6,low,C57BL6_low,N4,0,0.0
GGTTGTCAGACAGAAC-1,C57BL6,low,C57BL6_low,A2,0,0.0
GGTTGTCAGACAGAAC-1,C57BL6,low,C57BL6_low,Y3,0,0.0
GGTTGTCAGACAGAAC-1,C57BL6,low,C57BL6_low,Q4,0,0.0
GGTTGTCAGACAGAAC-1,C57BL6,low,C57BL6_low,T4,0,0.0
GGTTGTCAGACAGAAC-1,C57BL6,low,C57BL6_low,V4,0,0.0
GGTTGTCAGACAGAAC-1,C57BL6,low,C57BL6_low,G4,0,0.0
GGTTGTCAGACAGAAC-1,C57BL6,low,C57BL6_low,D4,0,0.0
GGTTGTCAGACAGAAC-1,C57BL6,low,C57BL6_low,Q4R7,0,0.0
GGTTGTCAGACAGAAC-1,C57BL6,low,C57BL6_low,Q4H7,4,1.0
GGTTGTCAGACAGAAC-1,C57BL6,low,C57BL6_low,Q7,0,0.0
GGTTGTCAGACAGAAC-1,C57BL6,low,C57BL6_low,E1,0,0.0
GGTTGTCAGACAGAAC-1,C57BL6,low,C57BL6_low,CATNB,0,0.0
GGTTGTCAGACAGAAC-1,C57BL6,low,C57BL6_low,LCMV,0,0.0
GGTTGTCAGACAGAAC-1,C57BL6,low,C57BL6_low,TB,0,0.0
GGTTGTCAGACAGAAC-1,C57BL6,low,C57BL6_low,MCMV,0,0.0
CCTACCTCACTAGCAT-1,C57BL6,low,C57BL6_low,N4,0,0.0
CCTACCTCACTAGCAT-1,C57BL6,low,C57BL6_low,A2,0,0.0
CCTACCTCACTAGCAT-1,C57BL6,low,C57BL6_low,Y3,0,0.0
CCTACCTCACTAGCAT-1,C57BL6,low,C57BL6_low,Q4,0,0.0
CCTACCTCACTAGCAT-1,C57BL6,low,C57BL6_low,T4,0,0.0
CCTACCTCACTAGCAT-1,C57BL6,low,C57BL6_low,V4,0,0.0
CCTACCTCACTAGCAT-1,C57BL6,low,C57BL6_low,G4,0,0.0
CCTACCTCACTAGCAT-1,C57BL6,low,C57BL6_low,D4,0,0.0
CCTACCTCACTAGCAT-1,C57BL6,low,C57BL6_low,Q4R7,0,0.0
CCTACCTCACTAGCAT-1,C57BL6,low,C57BL6_low,Q4H7,0,0.0
CCTACCTCACTAGCAT-1,C57BL6,low,C57BL6_low,Q7,0,0.0
CCTACCTCACTAGCAT-1,C57BL6,low,C57BL6_low,E1,4,1.0
CCTACCTCACTAGCAT-1,C57BL6,low,C57BL6_low,CATNB,0,0.0
CCTACCTCACTAGCAT-1,C57BL6,low,C57BL6_low,LCMV,0,0.0
CCTACCTCACTAGCAT-1,C57BL6,low,C57BL6_low,TB,0,0.0
CCTACCTCACTAGCAT-1,C57BL6,low,C57BL6_low,MCMV,0,0.0
CCCAGACCAGTCTTCC-1,C57BL6,low,C57BL6_low,N4,0,0.0
CCCAGACCAGTCTTCC-1,C57BL6,low,C57BL6_low,A2,0,0.0
CCCAGACCAGTCTTCC-1,C57BL6,low,C57BL6_low,Y3,0,0.0
CCCAGACCAGTCTTCC-1,C57BL6,low,C57BL6_low,Q4,0,0.0
CCCAGACCAGTCTTCC-1,C57BL6,low,C57BL6_low,T4,8,1.0
CCCAGACCAGTCTTCC-1,C57BL6,low,C57BL6_low,V4,0,0.0
CCCAGACCAGTCTTCC-1,C57BL6,low,C57BL6_low,G4,0,0.0
CCCAGACCAGTCTTCC-1,C57BL6,low,C57BL6_low,D4,0,0.0
CCCAGACCAGTCTTCC-1,C57BL6,low,C57BL6_low,Q4R7,0,0.0
CCCAGACCAGTCTTCC-1,C57BL6,low,C57BL6_low,Q4H7,0,0.0
CCCAGACCAGTCTTCC-1,C57BL6,low,C57BL6_low,Q7,0,0.0
CCCAGACCAGTCTTCC-1,C57BL6,low,C57BL6_low,E1,0,0.0
CCCAGACCAGTCTTCC-1,C57BL6,low,C57BL6_low,CATNB,0,0.0
CCCAGACCAGTCTTCC-1,C57BL6,low,C57BL6_low,LCMV,0,0.0
CCCAGACCAGTCTTCC-1,C57BL6,low,C57BL6_low,TB,0,0.0
CCCAGACCAGTCTTCC-1,C57BL6,low,C57BL6_low,MCMV,0,0.0
