gene,no_treatment,LPS,PolyIC,IFNg,Multiple,OTI no interaction,C57BL/6
Cd2,-0.561892209696834,-0.12011031671673547,-0.3427899628878719,-0.40435605420019577,-0.9399389962842223,0.022849172127429387,2.34623836765843
Cd3d,-0.13418115016013804,-0.15583115859288457,-0.17170162851942292,0.048896713363549005,0.6135928955352704,-1.9072065946445003,1.7064309230181263
Cd3e,0.5263043297652271,-0.18677353987233095,-0.0935130073729051,0.03332926333474069,-0.5150546391252273,-1.6689315232737243,1.9046391165442342
Cd3g,0.42822450825628794,0.6237238660021531,-0.17540154770014035,-0.6736206771364209,-0.6254468723908803,-1.441406592117159,1.8639273150861644
Cd247,-0.3348189479561861,-0.2653583035428113,-0.7048010273007023,-0.7289821808639158,-0.7342131404270263,2.2263635535634423,0.5418100465271958
Trac,0.517456847515073,0.4517894424909992,0.602683847645806,0.5661405036475444,0.9437894896686613,-1.2209985991544143,-1.8608615318136688
Trbc1,0.8362653853704551,0.49278870851972034,0.511174958045604,0.4135038307280567,0.7749059152867908,-1.0459559842776007,-1.9826828136730252
Trbc2,0.5641406169461135,0.5349566586654831,0.5595866288627095,0.4906962436672028,0.9502596374453369,-1.290233721979268,-1.809406063607577
Cd4,1.4232561698442971,-1.1076556859701834,0.4434703223209691,-1.1076556859701834,0.5927424789803983,-1.1076556859701834,0.863498086764885
Cd8a,0.1726358328437067,0.32787170121302034,0.4785931009418226,0.5193744926398899,1.0520521502725027,-2.276384853472248,-0.27414242443868864
Cd8b1,-0.47101276520493685,-0.3208301119118339,-0.15249112885194696,-0.07043356343577092,0.6361297199250769,-1.5671912875799792,1.9458291370593892
Lck,-0.4742113607847251,-0.67330850144984,-0.264350148182782,-0.26608328736187653,-0.4978017736335059,-0.24747564965299246,2.4232307210657167
Fyn,0.46266642280881665,0.1876431494003557,0.3061452937911617,-0.3214505870529462,-0.9641607790932053,1.8333946570100983,-1.5042381568642833
Zap70,0.5575234715832538,0.437288278524883,0.6942861035937707,0.47667366676190803,0.8213138834233801,-0.9222286632096988,-2.064856740677497
Lat,0.5591454086612175,0.3296885942074754,0.519160056993813,0.5707276428813474,1.1063239820075432,-1.5612103252080156,-1.5238353595433847
Lcp2,0.7574834531611369,0.7252318194417595,0.22474476414965355,0.2189002111823247,0.2688354290178088,0.19083446413735097,-2.3860301410900377
Themis,-0.6478398198779571,-0.5015747863053116,-0.5294505712332843,-0.5132613236190166,-0.932679939273493,1.6906055875257529,1.4342008527833117
Ptpn6,0.5543627553868338,0.553873880734065,0.45107694717912733,0.532641548831918,0.8593218004841813,-0.8411006405724348,-2.110176292043692
Ptpn22,0.5631622457866313,-0.10232188633665916,-0.48080556462425733,-0.16902373279139826,-1.503655007630551,2.012326980939688,-0.31968303534345693
Sell,-0.5205696993401375,-0.5712941895249461,-0.49064039728442627,-0.5194390155832624,-0.8011872249595741,0.7318080647571236,2.1713224619352225
Ccr7,-0.4464364224560212,-0.6281624007211787,0.3834214627344508,-0.6306472229601733,0.9087373520347256,-1.36671009490572,1.7797973262739168
Tcf7,-0.8119350838846471,-0.6539993074863885,-0.6575787100304021,-0.30136316682720105,-0.1792194364759673,0.3103220885652775,2.2937736161393323
Lef1,-0.4789617109613877,-0.623193064390922,-0.41718633698055946,-0.5495518077737029,-0.717775423375119,0.5249412111364417,2.2617271323452495
Il7r,-0.6231672234569567,-0.46700427537758826,-0.5088212722244938,-0.43714075574821115,-0.6861162365135549,0.4210448015538943,2.301204961766911
Bcl2,-0.48540929698550894,-0.4903666125689563,-0.48925715824454913,-0.454471195631724,-1.0353699666860456,0.9115882221083266,2.043286008008457
Klf2,-0.5763376903795198,-0.49027016816815955,-0.505576804955875,-0.5232588307167829,-0.7807430547148788,0.679055044338048,2.1971315045971673
S1pr1,-0.5869562259565281,-0.5826165038241089,-0.5024486151242155,-0.4807446388313924,-0.7709639545321031,0.7676076016809444,2.156122336587403
S1pr5,1.6170374761296937,-0.7219943749462081,-0.7219943749462081,-0.7219943749462081,-0.22837083552568782,-0.7219943749462081,1.4993108591808264
Satb1,0.001218251702870925,-0.08989826358825875,-0.1799462886151674,-1.0553837983165741,-1.4043693507709285,1.6393448680124956,1.0890345815755555
Ltb,-0.4085190388298523,-0.461064282273533,-0.5232219031875143,-0.4903357337503301,-0.8852659229925439,0.52089366214412,2.247513218889654
Cd27,1.157528170658951,0.8621138080194283,0.35186410731109513,0.25731231781370417,0.37057343181913527,-1.2859554477644635,-1.7134363878578551
Cd28,0.5046381210510275,0.547666220851319,0.5255898717359198,0.4699013875912715,0.7363704090338309,-0.5173491929535523,-2.2668168173098144
Cd44,0.21657242612920227,0.5802532971689051,0.2926802495815184,0.5156971461076532,1.0041787914918936,-0.34240586294199554,-2.2669760475371756
Ly6a,-0.37800591944366263,-0.3282691222325035,-0.497147887921733,-0.4530461465935726,-0.9957819343388676,0.38057151350672425,2.2716794970236167
Ly6c2,-0.3630634956332448,-0.5035706394917764,-0.5311643017040573,-0.6020076923682475,-0.7884241428539585,0.5393268353106287,2.248903436740656
Cxcr5,0.17063691122439148,0.7853052510951966,0.630415782103907,0.5004553493012508,0.9582716260850409,-1.2470941903749906,-1.7979907294347957
Bach2,-0.05338031006394231,-0.14203863712590603,-0.3841570773172446,-0.6037962700286869,-1.3037735171320195,2.1579186949323876,0.3292271167354161
Cd69,0.8394256934661721,0.6484717883131751,0.34457030270610345,0.35887800769595024,0.1244659571152579,0.05253679715094337,-2.3683485464476
Il2ra,0.626486024548846,0.6252369715523571,0.4825544988186101,0.40972654519230833,0.48875823300226484,-0.2889435227360401,-2.343818750378345
Il2rb,0.3795792812425701,0.6250247463085263,0.637305546590329,0.4871062852095665,0.7584241172043241,-0.7095637405054862,-2.1778762360498307
Icos,0.5475772404878713,0.8346462635348835,0.6967931903392761,0.4251041915136912,0.3403444784151845,-0.6554326794041077,-2.1890326848867967
Cd40lg,0.043294667858781055,0.36596442671593227,-0.03364118800734253,1.1265489748796877,0.9584627324483173,-0.32258372620331144,-2.1380458876920643
Tnfrsf4,0.4288562747806649,0.03554221638088608,0.18583862087218206,0.6109453634756383,1.5301890508429519,-1.1044188873637615,-1.686952638988561
Tnfrsf9,0.530633114687263,0.5629259748817089,0.5493414059489284,0.47823841674913015,0.7898676893389326,-0.744804983337076,-2.166201618268887
Tnfrsf18,0.48616798436997727,0.686584952764825,0.45973276907529376,0.2374967944788523,1.1679828186331886,-1.6701156175769811,-1.3678497017451594
Tnfrsf25,-0.6251391010912111,-0.37459246295821136,-0.4258311922901269,-0.5351939462991314,-0.8533327434681507,0.5966774143348641,2.217412031771967
Cd226,-1.7255895980773777,0.2331680275418546,-1.2500698997416422,1.084027231245383,0.6872668392409788,0.10728962346627396,0.8639077763245138
Nfkbia,0.3015133223529814,0.9927155954556487,-0.18078067763054942,-0.35234771319781333,0.5356996197976347,-2.1713832488688345,0.8745831020909383
Nfkbiz,0.04181132511484509,-0.6428493753151703,-0.5848514400066143,-0.7504927244230257,-1.070520841781826,1.4229590147628155,1.5839440416489774
Nfkbid,0.527601351427148,0.7683305193206744,0.4005519336187105,0.5498807820857924,0.7104220835616557,-0.8489089991330022,-2.107877670880979
Rel,0.4501673986204014,0.8743666405179246,0.35955403355023297,0.3382066067722458,0.39785103362139057,-0.047676323934126436,-2.372469389148071
Rela,1.3827043578147893,0.6884961235299971,0.43637628541615164,0.09154633023764067,0.30016210170298807,-1.2023855117811293,-1.696899686920431
Nfkb1,0.5149338700778895,0.6952767288089265,0.29672748059558446,0.3312827179175022,0.3700480617010784,0.21466743158818252,-2.422936290689164
Nfkb2,0.5553567619564502,0.7290791221192039,0.39855171944200163,0.36408390991591255,0.9087013069650997,-0.8971164962379359,-2.0586563241607356
Jun,-0.44292371974691014,-0.4750425595801737,-0.5134374056235961,-0.5885031682733025,-0.772128668997316,0.5374476310829591,2.254587891138339
Junb,0.7969424311386403,0.447320275156533,0.3444737338850662,0.3571810007797507,1.1131994207857288,-1.5186962284303738,-1.540420633315345
Jund,0.28576196868106796,0.5690697669191985,0.4811699969718025,0.49586162692161817,1.2125088205583332,-1.602241549945206,-1.442130630106813
Fos,1.0426296117272227,0.03760601856840288,0.522198022282561,-0.00918448394637177,0.7439415447549067,-0.0836863942654268,-2.2535043191212947
Fosb,1.539024577013994,-0.10688456821616961,0.198802073828731,0.28587540547679186,0.09159342691117113,0.10788389834076616,-2.1162948133552852
Atf3,0.5425777056127651,0.6192559690747823,0.4534029101163997,0.40833891535266503,0.8813646383227578,-0.7619360803282937,-2.143004058151076
Dusp1,1.0806825328144376,-0.635528007429512,-1.3298290910922645,0.136060873364421,-0.5252309673098685,-0.49313602370722964,1.76698068336002
Dusp2,0.7097949871298523,0.5379312379233329,0.45292027373795324,0.5099310278471669,0.8074217191560333,-0.9915225337352479,-2.0264767120590905
Dusp4,0.3029346567993886,0.6940905837733609,0.3608321376134692,0.3909876497416684,1.1619382389701567,-0.9276759918228371,-1.9831072750752083
Dusp5,0.5992644279135253,0.41734713082299446,0.49783987182764816,0.500505432968335,0.8769003850813668,-0.7324933319072107,-2.159363916706659
Gzma,-0.4371664523301291,-0.5835715994273163,-0.13067498557100857,-0.3509067066077563,-0.3363073414636141,2.4234313580982603,-0.5848042726984356
Gzmb,0.3003658993788769,0.45731815500615863,0.5326095133898692,0.5058702440872124,1.0892160630749401,-0.8055232832172765,-2.07985659171978
Gzmc,0.8542305580120816,1.213964483043076,0.7098423587416954,-0.2459127821074403,0.16387908399215867,-0.8136064994902866,-1.8823972021912863
Gzmk,-0.4082482904638631,-0.4082482904638631,-0.4082482904638631,-0.4082482904638631,2.4494897427831783,-0.4082482904638631,-0.4082482904638631
Gzmm,-0.5010222997340461,1.8082120628050067,-0.7688350652425106,0.5084889850472019,0.008354820924938142,0.4904591062969883,-1.545657610097577
Prf1,1.1669611349941647,0.11645978778490722,0.5056226585738853,0.5152671954936683,0.48338345314006087,-0.6923468837364847,-2.095347346250201
Nkg7,0.7056517479719675,0.46305674784593487,0.5226844610142913,0.41181738515480576,0.9561211691073606,-1.1754630473741368,-1.8838684637202234
Ccl3,0.5291820236406923,0.22654839638805813,0.4430315977868216,0.5583694683865407,1.1589761538724626,-0.9263014619841816,-1.9898061780903915
Ccl4,0.5511297913236055,0.3658288981087658,0.5370445802399141,0.5199486088319019,0.9905019704968653,-0.9216137475031948,-2.0428401014978563
Ccl5,0.8508072035546972,-1.6662636970060194,0.5356673220274945,0.770245172022338,1.0820216092453947,-1.1120927675365322,-0.4603848423073706
Ifng,0.41268748329503985,0.20645235328871053,0.3965795387060008,0.6370133184238627,1.1633345218604954,-0.7351514942205457,-2.0809157213535645
Tnf,0.7219969643567191,0.5642707103822324,0.44827873181085137,0.42158823155941777,0.568474193164524,-0.42776738039975265,-2.296841450873993
Fasl,0.4230019260148497,-0.0737799048853726,0.9783337241226471,0.4847990317850633,1.0019965917328422,-0.8330785950550336,-1.981272773714995
Ctsw,-0.4366391853713687,-0.25122782202972327,-0.4031518429348156,-0.5652894080569976,-0.9681350102644634,0.3419096621741072,2.282533606483259
Cx3cr1,-1.0876698731629397,1.5339730561881872,0.06415908236409622,-0.5837721832858431,0.23910893776649403,1.1516199954717667,-1.3174190153417593
Zeb2,0.28387455260738176,0.6595940764487618,0.5423908690858216,0.16240921637813233,0.6471925962608517,0.09933724832657514,-2.394798559107524
Id2,-0.5526722539907396,0.050233826221081676,-0.5349775316977198,-0.2608190006476328,0.07830292506990871,-1.0614935241225074,2.281425559167611
Slamf7,0.7748337387047225,0.4019922929452627,0.5088643134872165,0.38760823219370366,0.5496491352311382,-0.2900018010355637,-2.33294591152648
Pdcd1,0.8047889468391994,0.4543927476340754,0.2965568140428132,0.4574674106508293,0.7355393779709495,-0.4997867250126621,-2.2489585721252037
Ctla4,0.7879127899820015,0.7632052330048342,0.6141875746921817,0.05168499229615288,0.42241043753885904,-0.3829070406267148,-2.2564939868873166
Lag3,0.5817807824379633,0.45109144052786165,0.5194483171817431,0.4189556794945878,0.957347214566299,-0.8287938499559684,-2.0998295842524852
Havcr2,0.8459611716446125,-0.05569512151375086,0.5792316502098707,0.08806564223694158,0.9371024162827055,-0.15028705888800234,-2.244378699972377
Tigit,0.4728160618215103,0.4032456353153667,0.5881607192225026,0.22754230160161043,1.2249229316798214,-0.977636123982616,-1.9390515256581948
Entpd1,-0.05621115562237549,-0.4416937640231958,-1.1565068005280728,0.7013715540475572,-1.370848531933967,1.6051496346036058,0.7187390634564484
Cd160,0.640859064457631,0.455737027423393,0.45900335011510085,0.519226796926503,0.9263393178533907,-0.9811017884163351,-2.0200637683596825
Btla,0.9898993231565629,0.5090162429048318,0.32353699699315036,0.2791890619984021,0.2312390529128599,0.017565878337173817,-2.350446556302981
Tox,0.08811899326365069,0.3811295537415688,-0.05448816882308026,0.013875270866390694,-0.9015516169026631,1.9568058772820895,-1.4838899094279572
Tox2,-0.03863537173664921,1.3051983261948588,-0.37725065576874467,0.060062768629967546,-0.7612733937622124,1.4145595741704384,-1.602661247727659
Nr4a1,0.809427843541143,0.48394228607913226,0.5608149319110264,0.30919914510175756,0.6221379913025048,-0.5460361457388674,-2.239486052196695
Nr4a2,0.7440507239827946,0.7249680162266654,0.23230194357985065,0.31993682252027883,0.4909047288539725,-0.16795908134422585,-2.344203153819335
Nr4a3,0.6057181494721885,0.4695261164193274,0.4687256107829138,0.3712329237689144,0.5457413546280576,-0.06231616453328331,-2.398627990538119
Batf,0.26561077649578885,0.6950919307399515,0.4296866253740077,0.538741883859886,1.1313516358105244,-1.5942357281431443,-1.4662471241370119
Prdm1,0.8168135491556765,0.8181222503303028,-0.8773560517314972,-0.5283631242292257,-1.6281727388686291,1.4012917092031152,-0.0023355938597432015
Eomes,-0.5660577442692116,-0.9866904349643846,0.20822676420820652,-0.3604672145485928,-0.2930747311589713,-0.314494912971085,2.31255827370404
Slamf6,-0.46540445640450934,-0.5399015528474039,-0.5212945915512586,-0.48167103491970686,-0.7515184638756455,0.4812434850469536,2.27854661455157
Lair1,-0.5863889423936832,-1.0415222537651687,1.731025739881236,-0.7614754057678467,-0.8419448294482315,1.0336619440407608,0.4666437474529323
Il10,-1.247992116940999,0.5000381990430495,-1.247992116940999,1.0163635377293043,1.558969100941405,-0.24628112195160165,-0.3331054818801588
Ahr,0.47069491448839607,0.9627350167134415,0.35152327805545497,0.08679825789876708,0.33828797341184236,0.15273802966066538,-2.362777470228566
Il2,0.5684400110186417,0.4997633294575468,0.20538181785523396,0.45051415751196955,1.0239827085100237,-0.550193369234252,-2.197888655119165
Il4,-0.2829094790437808,2.2907037979606764,-0.2844059180210316,-0.9046852032076126,-0.4281350471393703,0.31153193417420905,-0.7021000847230902
Il17a,-0.5669044061084644,-0.5669044061084644,2.2466702631274784,-0.5669044061084644,0.5878517674148437,-0.5669044061084644,-0.5669044061084644
Il21,0.12688592918148117,1.4553217777078158,-1.0712660137302257,1.0303439474920448,0.6012463868093352,-1.0712660137302257,-1.0712660137302257
Csf2,-0.32373458729180254,1.951204528852224,-0.2504833568258821,0.5948605440627917,0.28660637631118424,-0.9896801790788765,-1.2687733260296383
Ifngr1,-0.4982584215725284,-0.5200436880105812,-0.49094630772005443,-0.4912001165230948,-0.8632844724053336,0.6725102525423653,2.191222753689227
Ifngr2,-0.5759788008036046,-0.34650980985490726,-0.4508352399028832,-0.5799170995929829,-0.9269928019439435,0.732503200184476,2.1477305519138445
Il12rb1,0.395002227317838,0.6037831488547426,0.2894564959578515,0.6238478614734126,0.7166147016978118,-0.30492966057200116,-2.323774774729653
Il12rb2,0.00401099467390743,0.2076520892993281,-0.2426338678724533,-0.18929843835577428,-1.2328153177247034,2.1905433767770015,-0.7374588367972942
Il18r1,-0.4878436675880552,-0.651736675571327,-0.46335423599103537,-0.4133049419507914,-0.7874753268184224,0.5648377485377242,2.2388770993819067
Il18rap,-0.717476500184266,-0.4288487456171392,-0.8153640515273018,-0.07676946811137719,-0.9097770862242623,0.9961731213983257,1.9520627302660207
Stat1,-0.505671580515544,-0.482882382855997,-0.5478881365431117,-0.43960076215256494,-0.8704701496254839,0.6458717322369458,2.200641279455755
Stat3,-0.5434026843322511,-0.5295726037458499,-0.44266223465236315,0.1506019599107381,-1.273723464481257,0.5771735079975506,2.0615855193034394
Stat4,0.2045838299822405,-0.5022146470771442,-0.9609608163422035,-0.7513696429459154,-0.8354644116791133,1.908356446666253,0.937069241395883
Stat5a,0.6275569778694455,0.535011117800353,0.4272154162934024,0.40342133011319437,0.7759685492915931,-0.5075502834899508,-2.261623107878037
Stat5b,-0.6646822809343427,-0.33358439643730714,0.0009158184618076401,-0.15142360535868155,-0.44292869800698426,2.370818828251976,-0.7791156659764741
Stat6,0.26745861892274675,1.0624423178510896,0.5890978824010473,0.23371384042780716,0.4243984949421071,-0.3146051934751871,-2.2625059610696154
Socs1,-0.5845333448954876,-0.40922751034994376,-0.47834826655013457,-0.4590317327157475,-0.7541410984886504,0.37382003387352736,2.311461919126436
Socs2,0.9167298774384482,0.5050138965404476,0.0628803732673133,-0.157108380842989,0.11727657931495626,0.829773929652336,-2.274566275370512
Socs3,-0.5933674073832331,-0.6570509564762914,-0.4797123628995056,-0.4690348022323507,-0.7772774295023783,0.8831119773268733,2.0933309811668863
Cish,0.5081902121657247,0.5962838456354134,0.5181060602602539,0.43218177737597663,0.7991998418098326,-0.6460506158690613,-2.2079111213781415
Cxcr3,0.3098819038438945,0.9390312889113027,0.2946308100308778,0.7809388915864853,0.5923850608385496,-0.8582085269911769,-2.0586594282199338
Cxcr4,-0.5224631002002411,-0.5359504373344027,-0.5513030382135742,-0.5197783782790285,-0.7299824830346551,0.6409089513727155,2.2185684856891856
Cxcr6,1.5165262494397131,-1.0842009822219112,-0.9308333344466657,-0.790469002347696,-0.5570857314946877,1.020617208251738,0.8254455928195132
Ccr2,0.5273135404386875,-1.065678723820575,1.6709983140839078,0.38989411161468834,0.6088302053244408,-1.065678723820575,-1.065678723820575
Ccr5,0.8876536773806039,-1.3184775615015314,0.3231073419474857,0.5737596478031773,0.5182779971281716,0.7898365784945136,-1.7741576812524196
Ccr6,-1.1334017459503802,-1.1334017459503802,0.8882359865440139,0.4741492412951207,0.8514800503762127,1.186339959635793,-1.1334017459503802
Ccr9,-0.5664718944560887,-0.5110994085974808,-0.6643325366430646,-0.3286952193702859,-1.002179373159751,1.2688433526828053,1.8039350795438658
Itga1,-0.911502997480816,1.892580786325379,-1.1783971472753347,-0.19154462130029204,-0.21618688768717267,0.9852446394116283,-0.38019377199339227
Itga4,-0.5149628472533055,-0.5111918382950833,-0.521740493697241,-0.518789959304816,-0.8033523324131007,0.6707519321305672,2.1992855388329797
Itgae,-0.7737980495218391,-0.43589338999244365,-0.5428564019500124,-0.3594097229108591,-0.9422345974437647,1.183938542905374,1.8702536189135435
Itgal,0.7326565906045094,0.3825121103159576,0.38253844316886715,0.4639339844819444,0.11009666805774199,0.34202049817890784,-2.413758294807931
Itgam,0.8252234172217976,-1.5732377826947614,-0.4809847736470073,1.7320905952790921,-0.09721134774979912,-0.7131486540456438,0.3072685456363225
Itgb1,0.40977469867602473,0.5210995116306356,0.3677504148580313,0.4786139760914773,0.8015812295933237,-0.23382004195652858,-2.344999788892963
Itgb2,0.7098367732821034,0.33410339914284665,0.5135681412441813,0.5846786363278694,0.5151392459114488,-0.3329609255930352,-2.3243652703154125
Itgb7,-0.5907944756677982,-0.5398114725702938,-0.5233008007730126,-0.46490792915033374,-0.7738340016146543,0.709081131521486,2.1835675482546066
Selplg,-0.4918113283784334,-0.6284711644684597,-0.448596454398412,-0.4200565847297422,-0.7032690846244835,0.3799529810143323,2.3122516355851976
Cd6,0.6143505731425565,0.4125565130735108,0.5834361288798573,0.4719952162541194,0.6725770263797307,-0.47135236796089225,-2.2835630897688834
Cd38,0.7276227368912084,1.2136271399197105,0.09407440811399713,-0.45947162501587663,1.0381360988148278,-0.9304874242318358,-1.6835013344920324
Cd52,-0.15694113815673902,0.1724357432046351,0.022216073503115042,0.2939800666444829,0.5607706505678332,-2.1992295806695514,1.306768184906221
Mki67,-0.06980275386856157,0.3088375789199855,-0.04955327869282568,0.7997205243723952,1.577520134115346,-0.7959509728081762,-1.7707712320381643
Top2a,0.23351770168473865,0.45333665828864755,0.2589759042054376,0.6258613241583306,1.2527501522351039,-0.8109447588586047,-2.013496981713655
Stmn1,0.26567278300587716,0.3936776097968934,0.31405389208262346,0.5741954589530904,1.3841494879416654,-1.208329420138922,-1.7234198116412274
Pcna,0.3367802339522725,0.4756972187578637,0.5446815538396087,0.5444729676258131,1.1196257980602415,-1.1573575798340061,-1.8639001924017915
Mcm2,0.5151838561401764,0.44021334321208927,0.46374777900341646,0.4910062166004354,1.016010183921374,-0.8421290817789201,-2.0840322970985707
Mcm3,0.3990471422505458,0.4473788719251997,0.4237451167881799,0.5486508124706839,1.1145315326768594,-0.911891175900682,-2.0214623002107857
Mcm4,0.413644776909624,0.38560953843426105,0.46600184951554213,0.510303074901202,1.1354543749069543,-0.8739659401056088,-2.0370476745619754
Mcm5,0.36884019592593015,0.42329602050683207,0.4170669996411229,0.5870653310108593,1.1294691322202308,-0.9103673468322836,-2.015370332472692
Mcm6,0.530356137006472,0.4876848538712857,0.3968400636059108,0.5395064891155552,0.9653237813257831,-0.8125035750622972,-2.107207749862708
Mcm7,0.3158227135582412,0.5641746957392146,0.38758116052517316,0.46695097342751724,1.1407635788014499,-0.8136658934042641,-2.0616272286473314
Cdk1,0.20628931902963457,0.3328730091044905,0.2668389194803038,0.5853936084766895,1.46887350775396,-1.126329431728181,-1.733938932116897
Cdk2,0.32257437991121424,0.4724498243332893,0.3704002244230007,0.342267078435624,1.335873652655594,-0.8782276015548818,-1.9653375582038406
Ccna2,0.08623147385223645,0.2530680384414021,0.2856685794236028,0.791529466515611,1.4325225884025306,-1.1901850821689968,-1.658835064466386
Ccnb1,0.19372953281534586,0.488894633616142,0.17064697044358001,0.606608010651138,1.4157821008515605,-1.131885797932304,-1.7437754504454626
Ccnb2,-1.2607827328195995,1.3066946192769988,-0.5973932648896205,0.9664659288862395,1.089432335456183,-0.968475720992799,-0.5359411649174033
Cenpf,0.02808122555119211,0.5585014217826106,-0.016437034606882023,0.7606137135722765,1.428474328003612,-1.0181890169503338,-1.7410446373524748
Birc5,0.23030723296536176,0.3404342023185674,0.22977322291989294,0.6621108730133353,1.4389043801323722,-1.2775701783141955,-1.6239597330353335
Ube2c,-0.15927356025028663,0.11051037168139186,0.32041127483754184,0.8738841563342256,1.5598681791910751,-1.3120921486018868,-1.3933082731920612
Hmgb2,0.17391566237530467,0.3909568180956104,0.36764497809059316,0.6260147381186397,1.3906287802544204,-1.5346853472534545,-1.414475629681113
Tuba1b,0.4064153007706941,0.4706402460195723,0.4857598668159012,0.572976656152575,1.127840234135037,-1.3267375999762014,-1.7368947039175773
Tbx21,0.6822038623832261,0.475835767655089,0.5696688736319221,0.49184611494273833,0.6608355136698886,-0.6796966266964273,-2.200693505586438
Bcl6,-0.6335977859959234,-0.33788109856467313,0.10168431310169629,-0.3415111646520335,-0.8658692067005728,-0.2748742294189361,2.3520491722304424
Rorc,-0.2687546851677998,2.1051696708084386,0.3689838127000753,-0.2235032881430548,-0.13664896432874096,-0.3800421935138358,-1.4652043523550833
Gata3,-0.576381417609214,1.0733054951811123,-0.007198083497217779,-0.1445401797869628,0.8691832752987357,0.8073878977736773,-2.021756987360128
Foxp3,0.19431082439622532,1.1792955740423416,-1.2113199432123112,-0.02051739871144457,-1.6987917439902562,0.7249619740553709,0.8320607134200754
Runx1,-0.8885663760216953,-0.2982253551424736,-0.6933276672097171,-0.3457581521211296,-0.8530693027433146,1.3758039712204053,1.7031428820179262
Runx2,-0.2123063879984779,0.7390379730216194,0.16028540331993021,0.3095623661263802,0.4445177125643034,0.868673324487521,-2.309770391521274
Runx3,-0.6637937308959134,-0.19715983511485397,-0.7313917926718111,-0.3330473570177029,-1.0232826290664605,1.9643381328269354,0.9843372119398037
Irf1,-0.5438675564800444,-0.4351046916478377,-0.4810778364453749,-0.45322592531677147,-0.8736492386091628,0.5475006860594789,2.239424562439711
Irf4,0.6181822443588997,0.5001248143892996,0.5126196932232155,0.3611612013256132,0.38214488760513887,0.039664736283139074,-2.4138975771853044
Irf7,-0.4481327683279704,-0.5385353840578374,-0.5164149942798644,-0.5062294685185146,-0.8268754458160702,0.6179379271737041,2.2182501338265523
Irf8,0.4765345165677688,0.6206113085419396,0.4679624837153941,0.49904155944319567,0.8995723224824099,-0.8824154687075431,-2.0813067220431636
Myc,0.5552003240694755,0.5384120152665227,0.5678831538870392,0.49841852218732924,0.7307673583361444,-0.6973726167092914,-2.1933087570372187
Hif1a,0.6003278236433878,0.7152303930424563,0.23365187560769207,0.3247286990066339,0.07479556553313867,0.4510508109323815,-2.3997851677656925
Nfatc1,0.524520564892526,0.4365912271492751,0.38453080713624066,0.47584836946548,0.08768153703352852,0.5167758346280789,-2.425948340305127
Nfatc2,0.7186755917430586,-0.3195659881693573,0.1088180035934771,-0.06682857151357013,-0.697606530588371,1.8378622754882088,-1.581354780553451
Id3,0.478281389701291,0.4195654829781502,0.5166186325294653,0.7220047027080594,0.7053771253136357,-0.623609081918999,-2.218238251311603
Ikzf2,0.38790618268945104,0.6408132445378164,0.3359446561340727,0.14521392031714228,-0.1264951122286774,0.9411077089205087,-2.3244906003703147
Ikzf3,0.4770873229475898,-0.026848817727563888,0.6451432059166408,0.07440540467613896,-0.35869001256816696,1.3108900762234077,-2.1219871794680447
Zbtb7b,-1.1206217912162897,-0.415323828017869,1.4653924778369738,0.609433822961655,0.7705543146444908,0.24023061877026694,-1.5496656149792276
Isg15,-0.4511899236856964,-0.4527535105049205,-0.5085085141178374,-0.5021080662832798,-0.8964223195861094,0.5911310883305143,2.2198512458473294
Ifit1,-0.5374063143508816,-0.5369310820554527,-0.485837844578044,-0.4852670533151914,-0.782800833886538,0.5958550425483666,2.2323880856377416
Ifit2,-0.6040066656096797,-0.6335350178312188,-0.478219931266179,-0.4506700934235037,-0.8343917282597635,0.9511707469762547,2.0496526894140903
Ifit3,-0.4881045871979578,-0.4991151621386412,-0.5094097927903731,-0.49736853513075124,-0.7451604710901495,0.4478946030466895,2.291263945301183
Ifitm1,0.24867998910687922,0.9819955729949564,0.2679412509515569,0.8232776105703283,0.7018609748439518,-1.2289402178725513,-1.7948151805951218
Ifitm2,-0.19520044739753606,0.8502468902948416,0.2141862861799486,0.6103938891330795,1.3403428241179312,-1.2552465038353735,-1.5647229384928918
Ifitm3,0.5332712210851133,-1.7917761716859986,0.7559120305421086,-0.2505150738411491,1.5116065119410684,0.007005130807417835,-0.7655036488485585
Oas1a,-0.7822949332027048,-0.15976451431922115,-0.41249735602662946,-0.5642068540511881,-1.0063224822057664,0.9225166382679242,2.002569501537585
Oas1g,-0.408248290463863,-0.408248290463863,-0.408248290463863,-0.408248290463863,-0.408248290463863,-0.408248290463863,2.4494897427831783
Oas2,-0.4386045579232892,-0.5302842293095295,-0.6831039890450387,-0.39115851385597755,-0.79815593298163,0.6354076712035586,2.205899551911906
Oas3,-0.44465195925305506,-0.48789146171876424,-0.6635780558414396,-0.45301230402794695,-0.8773801068097002,0.8049815630815272,2.121532324569379
Mx1,-0.6233410155016537,-0.384253852929127,-0.5293975037863977,-0.47771287994344913,-0.8599772995175242,0.7011813747046491,2.1735011769735024
Mx2,-0.6237606053545971,-0.6235421287514126,-0.4274735280252616,-0.5147441368496547,-0.6910765536954465,0.6826981290756649,2.197898823600708
Rsad2,-0.6579912643123877,-0.4668419424203375,-0.52418508309582,-0.5308051830429491,-0.8366227068897965,0.9870846141285152,2.029361565632776
Rigi,-0.4737809634901568,-0.5837445559963624,-0.5306203844580475,-0.4797618806119839,-0.7819858554024642,0.6341890568499732,2.215704583109042
Ifih1,-0.45537578696385217,-0.40963120018206806,-0.6318074629565333,-0.46062093127708165,-0.88726265195833,0.6542037192453182,2.1904943140925472
Usp18,-0.5742106312247788,-0.5548944827240823,-0.4474962588954272,-0.47918395158409577,-0.8163981430913801,0.6806848105523702,2.1914986569673944
Gbp2,-0.4639202765402258,-0.4790705295682721,-0.5142402082052292,-0.4918051224183915,-0.8890034042582668,0.6343565103488924,2.203683030641493
Gbp3,-0.4623124954033456,-0.5842001798101539,-0.4394653418124944,-0.5552514079549353,-0.8000437131459465,0.6246915558406708,2.2165815822862047
Gbp4,-0.5120368649906675,-0.5165197955317146,-0.5170742045699908,-0.4559864791289263,-0.8577878497267711,0.6642494237469443,2.1951557702011253
Gbp5,-0.4744140588671323,-0.4384570271715078,-0.5252688888611996,-0.5127572551375236,-0.8991382409306864,0.6588393428823006,2.1911961280857497
Xaf1,-0.49086189716676604,-0.4916068585550088,-0.5256717232190513,-0.4918206586574684,-0.8500506802578834,0.645490311364339,2.2045215064918384
Irf9,-0.5471024752713088,-0.40656245660175205,-0.4510870379587249,-0.6040875691912201,-0.7179182415605566,0.43225753815331586,2.2945002424302454
Hspa1a,1.7951378990587634,0.9367654374523506,-0.8359396777204238,0.21653980158702765,-0.05094089332428222,-1.1462168165056654,-0.9153457505477705
Hspa1b,1.225059220742839,-0.7335164488530185,0.551002793485773,0.03974149223418627,1.3069103545032748,-0.9779731667390857,-1.4112242453739692
Hsp90aa1,0.49436125373139445,0.5293560192678959,0.5238054080860782,0.4804610307594983,0.9260913008773707,-0.8649715131465092,-2.0891034995757307
Hsp90ab1,0.4873915568599271,0.4992030122745562,0.5485717193273714,0.494474297971684,0.8945891256698715,-0.7942972717158701,-2.1299324403875413
Bcl2l11,-0.15010570211325847,-0.8711981632096031,0.2310586592468883,-0.6687462401613231,-1.3334260204148787,1.5394738632755536,1.252943603376627
Bcl2l1,0.5223038788647141,0.699968908619315,0.4708954383781243,0.3412044523459693,0.7145159706211669,-0.4771284049082674,-2.271760243921023
Mcl1,-0.45437947654301747,-0.49659382650865125,-0.2953860081393366,-0.482141415593393,-0.6016294430431931,-0.0900264124337607,2.4201565822613498
Birc2,-0.3628833658879631,-0.35133702097038966,-0.7110093455522184,-0.5182872045473759,-1.00369903257397,0.9167106373690429,2.0305053321628748
Birc3,-0.6092211959689804,-0.13651433956525924,-0.561895615311484,-0.5523776530116334,-0.9487115519038494,0.6477701342398061,2.1609502215214045
Fas,-0.12380947320095051,-0.5660537347896205,-0.4777859936554999,-0.8296875572101966,-0.8553097221036249,0.7381216740903357,2.114524806869555
Casp3,0.49956547720465444,0.42817745049567996,0.3304023506403228,0.6535749213776839,1.0499068690168927,-0.9598285859438034,-2.001798482791431
Casp8,-0.5747796834220302,-0.42469907617789043,-0.5301986854603518,-0.38972247206733374,-0.9260617489599529,0.6643284499228197,2.1811332161647385
Tnfaip3,0.4947841954326849,0.8674617972910953,0.23319860427593256,0.051965037948817176,-0.313061909428962,0.907209665887274,-2.241557391406845
Pim1,0.1924750468167975,0.7833068234312464,0.5549934914150276,0.4171806692304215,0.9848338187590907,-0.9201346897999354,-2.0126551598526508
Pim2,-0.004186772169418185,1.0605589815085819,0.32273564121899284,0.38479811342489806,1.1554376139222111,-1.5751050876087933,-1.344238490296469
Slc2a1,0.4834527998953351,0.4164376057520221,0.45200866235427156,0.5015827754128994,1.0895459904640525,-0.9151241621242137,-2.0279036717543666
Slc7a5,0.6367786656230088,0.4976761880456987,0.35858078517339975,0.5240033995097442,0.7105127306613118,-0.4366637192560309,-2.290888049757133
Ldha,0.49043688510196654,0.46526487270029976,0.532693154725177,0.5419349908535203,0.9515211678250836,-0.9366538105824137,-2.045197260623635
Gapdh,0.46155911343363204,0.49357344041411916,0.5158288369107016,0.5058994912696426,1.0474858806480363,-1.0933826108709948,-1.9309641518051373
Hk2,0.6160838721385068,0.5532316327139025,0.3038974404188218,0.28818363114406736,0.6117803358088484,0.027642258345394726,-2.4008191705695414
Pgk1,0.4512306338116301,0.5370355890275568,0.48118058417373866,0.5478086979484735,0.9757402589279991,-0.9743514978381032,-2.018644266051293
Pkm,0.537290081435679,0.5164296263372343,0.49783752651649815,0.5029768372335992,0.8672527324342133,-0.7814651342319151,-2.1403216697253082
Mtor,0.7166111995432689,0.11732033970716453,0.33528218424806094,0.4377202867646515,0.32852787786512594,0.4792925884548737,-2.414754476583145
Rptor,0.203794421832433,0.5527216362978977,0.1818741725287968,0.029884683126133103,-0.2502707300820288,1.4156239075122075,-2.133628091215442
Rictor,-0.4943847047893357,-0.38825306331548803,-0.6063731786240979,-0.536555293587301,-1.0693185408979853,1.4561591466315436,1.6387256345826633
Tsc1,1.3611797324041934,-0.010265580776269967,-0.8384305020851552,-0.7543721986235206,-0.8960585959165954,1.6700317847065227,-0.5320846397091826
Tsc2,0.13182240911449944,1.058067140174434,0.5505182392325261,0.3941554604204864,0.5679823188570834,-0.5056346422922338,-2.196910925506793
