Peptide,WT-1,WT-2,x,y,sample_x,sample_y,x_control_offset,y_control_offset,color,xlim_min,xlim_max,ylim_min,ylim_max
N4,0.073651,0.020671,0.13621135725,0.008950999999999997,WT-1,WT-2,-0.06256035725,0.011720000000000001,#84c7ff,-1,3,-1,3
A2,0.13321,-0.035796,0.19577035725,-0.047516,WT-1,WT-2,-0.06256035725,0.011720000000000001,#84c7ff,-1,3,-1,3
Y3,-0.0081089,0.044897,0.05445145725,0.033177,WT-1,WT-2,-0.06256035725,0.011720000000000001,#84c7ff,-1,3,-1,3
Q4,0.068542,-0.074297,0.13110235725000002,-0.08601700000000001,WT-1,WT-2,-0.06256035725,0.011720000000000001,#84c7ff,-1,3,-1,3
T4,-0.043357,0.011194,0.019203357250000004,-0.0005260000000000004,WT-1,WT-2,-0.06256035725,0.011720000000000001,#84c7ff,-1,3,-1,3
V4,-0.052144,-0.014029,0.010416357250000001,-0.025749,WT-1,WT-2,-0.06256035725,0.011720000000000001,#84c7ff,-1,3,-1,3
G4,-0.068377,0.0050504,-0.0058166427499999895,-0.006669600000000001,WT-1,WT-2,-0.06256035725,0.011720000000000001,#84c7ff,-1,3,-1,3
D4,0.017143,-0.036107,0.07970335725,-0.047827,WT-1,WT-2,-0.06256035725,0.011720000000000001,#84c7ff,-1,3,-1,3
Q4R7,0.0074984,0.081573,0.07005875725,0.069853,WT-1,WT-2,-0.06256035725,0.011720000000000001,#84c7ff,-1,3,-1,3
Q4H7,-0.011113,-0.030024,0.051447357250000006,-0.041744,WT-1,WT-2,-0.06256035725,0.011720000000000001,#84c7ff,-1,3,-1,3
Q7,-0.10645,-0.028159,-0.04388964275,-0.039879,WT-1,WT-2,-0.06256035725,0.011720000000000001,#84c7ff,-1,3,-1,3
E1,0.1182,0.12846,0.18076035725,0.11673999999999998,WT-1,WT-2,-0.06256035725,0.011720000000000001,#84c7ff,-1,3,-1,3
CATNB,8.5571e-05,0.074518,0.06264592825000001,0.06279799999999999,WT-1,WT-2,-0.06256035725,0.011720000000000001,#7a716b,-1,3,-1,3
LCMV,-0.070735,-0.050498,-0.008174642750000002,-0.062218,WT-1,WT-2,-0.06256035725,0.011720000000000001,#7a716b,-1,3,-1,3
TB,-0.16791,0.011727,-0.10534964275,6.999999999998327e-06,WT-1,WT-2,-0.06256035725,0.011720000000000001,#7a716b,-1,3,-1,3
MCMV,-0.011682,0.011133,0.050878357250000006,-0.0005870000000000007,WT-1,WT-2,-0.06256035725,0.011720000000000001,#7a716b,-1,3,-1,3
