Sample,pMHC,n_barcodes,detected_barcodes,detected_fraction,sample_total_counts_raw,sample_total_counts_normalized,K_total_counts,sample_total_fraction,K_total_fraction,pMHC_log2FC_vs_K,barcode_mean_log2FC,barcode_median_log2FC,barcode_sd_log2FC,barcode_min_log2FC,barcode_q25_log2FC,barcode_q75_log2FC,barcode_max_log2FC
J1,A02_ELAGIGILTV,1023,1008,0.9853372434017595,102006.0,428996.99279415136,600700.7422405112,0.17845103119385466,0.24987510097342236,-0.4856784311839252,-1.491780801665832,-1.9108849437504274,1.562495539060855,-8.135903395551367,-2.508834960279645,-0.27177019085574106,4.10307942552138
J1,A02_NLVPMVATV,1023,1021,0.9980449657869013,88889.0,373832.0656871098,600690.1659854312,0.15550392831588875,0.24987070154019345,-0.6842299941906734,-1.3234763818107427,-1.6001355003980655,1.348539756760213,-6.4314571952102995,-2.3250856767438215,-0.29076597407095195,3.0944458812251336
J1,A02_SLLMWITQV,1023,977,0.9550342130987293,124123.0,522012.3692389512,600967.3321512659,0.217142887132863,0.24998599509454475,-0.20320239609284632,-2.0372349001779035,-2.8998229352300444,2.437805458300792,-9.43858444142139,-3.70070250247503,0.1415290974660831,3.9343205643925967
J1,B08_ELRRKMMYM,1023,1022,0.9990224828934506,256601.0,1079162.5722797879,601645.7596227917,0.4489021533573937,0.2502682023918395,0.8429254839599044,0.2513824092285884,0.3721203333216138,1.2812024533960926,-6.525619295226482,-0.8636357007440969,1.1942467529639451,4.367352336754877
J2,A02_ELAGIGILTV,1023,996,0.9736070381231672,53144.0,230245.07745098037,600700.7422405112,0.09577566320645904,0.24987510097342236,-1.383474201990889,-2.3469590322319305,-2.5143047929394893,1.7115049953374644,-8.906809133652832,-3.5013845540472293,-1.0099898674234877,2.856756491136281
J2,A02_NLVPMVATV,1023,1023,1.0,306791.0,1329164.4881127449,600690.1659854312,0.5528961216839676,0.24987070154019345,1.145826044835012,1.1245261793169101,1.0914924066814087,0.34245645874257763,0.05552341189247029,0.9223935662088212,1.3058243618398835,3.0727912113233358
J2,A02_SLLMWITQV,1023,927,0.906158357771261,73890.0,320126.6139705882,600967.3321512659,0.13316392733564011,0.24998599509454475,-0.9086428954998375,-2.824821069463688,-3.405246400712667,2.702249803247058,-10.525600046117026,-4.783995637828728,-0.41825430338563024,3.7085351468742664
J2,B08_ELRRKMMYM,1023,1021,0.9980449657869013,121055.0,524467.8204656863,601645.7596227917,0.2181642877739331,0.2502682023918395,-0.1980598656832596,-0.789289779561566,-0.6206638738239902,1.2756636033102957,-8.006482124005384,-1.8849523683066622,0.17336537490651802,2.6023123421773207
J3,A02_ELAGIGILTV,1023,1023,1.0,532402.0,1727335.0431841677,600700.7422405112,0.7185241967917556,0.24987510097342236,1.5238288080464033,1.5107212447977567,1.5119757798507456,0.36537067606508417,-0.0887234648567657,1.2905354874111405,1.749612637104149,3.167876117403495
J3,A02_NLVPMVATV,1023,1012,0.989247311827957,41743.0,135431.77281008844,600690.1659854312,0.056335918247261,0.24987070154019345,-2.1490506796363333,-2.7824583137419983,-2.9597103080856457,1.427152782851879,-9.41224784051592,-3.7878429435442147,-1.725105415832862,1.655573921986068
J3,A02_SLLMWITQV,1023,942,0.9208211143695014,68151.0,221110.38374770232,600967.3321512659,0.09197588013485099,0.24998599509454475,-1.4425177295176912,-3.1082522804067,-3.2831717075479063,2.386593507300597,-9.791608268648368,-4.889287794950389,-1.1068264204052654,2.5580634778102525
J3,B08_ELRRKMMYM,1023,1023,1.0,98670.0,320126.80025804153,601645.7596227917,0.1331640048261324,0.2502682023918395,-0.9102697835344209,-1.4472316887177277,-1.5102881902253007,1.1845193143427848,-5.029912875549218,-2.3857323951825737,-0.5651009431751023,2.3032236600946807
J4,A02_ELAGIGILTV,1023,1004,0.9814271749755621,59529.0,217632.17509976155,600700.7422405112,0.09052904034259575,0.24987510097342236,-1.4647524700442938,-2.238321268567835,-2.4785183095549352,1.5306529934354065,-8.135903395551367,-3.243608942960008,-1.0793419143139686,2.4130675650573608
J4,A02_NLVPMVATV,1023,1015,0.9921798631476051,55236.0,201937.38889970316,600690.1659854312,0.08400043797751716,0.24987070154019345,-1.5727106223924179,-2.17098219373785,-2.2782498153456,1.3468697361005653,-8.84405195000925,-3.1238936865082447,-1.1458291138668657,2.2116595881141126
J4,A02_SLLMWITQV,1023,1020,0.9970674486803519,380431.0,1390818.3575295636,600967.3321512659,0.5785424473210375,0.24998599509454475,1.210574857853954,1.1003411863452819,1.0840073714563292,0.5106499578414149,-3.3083277672619467,0.834530887122537,1.3722034010932054,3.0619309359301705
J4,B08_ELRRKMMYM,1023,1020,0.9970674486803519,162372.0,593616.0784709719,601645.7596227917,0.24692807435884961,0.2502682023918395,-0.019384113824421574,-0.5740483457549359,-0.41629003718495644,1.2525911567616135,-7.118198128625025,-1.557213052056396,0.3026164569858438,2.4361184584169027
